CustomerID,Revenue,Quantity,InvoiceNo
12346.0,77183.6,74215,1
12347.0,4310.0,2458,7
12348.0,1797.24,2341,4
12349.0,1757.55,631,1
12350.0,334.4,197,1
12352.0,2506.04,536,8
12353.0,89.0,20,1
12354.0,1079.4,530,1
12355.0,459.4,240,1
12356.0,2811.43,1591,3
12357.0,6207.67,2708,1
12358.0,1168.06,248,2
12359.0,6310.03,1609,4
12360.0,2662.06,1165,3
12361.0,189.9,91,1
12362.0,5226.23,2229,10
12363.0,552.0,408,2
12364.0,1313.1,1506,4
12365.0,641.38,174,2
12367.0,168.9,173,1
12370.0,3541.94,2352,4
12371.0,1887.96,591,2
12372.0,1298.04,794,3
12373.0,364.6,197,1
12374.0,742.9300000000001,342,1
12375.0,457.5,178,2
12377.0,1628.12,944,2
12378.0,4008.62,2529,1
12379.0,852.24,407,2
12380.0,2724.81,1127,4
12381.0,1845.31,808,5
12383.0,1850.56,1532,5
12384.0,585.27,126,2
12386.0,401.9,354,2
12388.0,2780.66,1462,6
12390.0,549.84,353,1
12391.0,439.66,293,1
12393.0,1582.6000000000001,816,4
12394.0,1272.48,819,2
12395.0,3018.63,2118,12
12397.0,2409.9,1263,2
12398.0,1635.6599999999999,1394,1
12399.0,1108.65,1178,4
12401.0,84.3,11,1
12402.0,225.6,94,1
12403.0,427.7,96,1
12405.0,1710.39,857,1
12406.0,3415.3,1818,2
12407.0,1708.1200000000001,1416,5
12408.0,2888.55,1409,5
12409.0,11072.67,5551,3
12410.0,693.3299999999999,211,2
12412.0,1226.88,829,3
12413.0,758.1,286,3
12414.0,562.41,300,3
12415.0,124914.53,77670,21
12417.0,3649.1,1552,9
12418.0,668.58,407,1
12420.0,600.39,345,1
12421.0,807.04,484,4
12422.0,803.5600000000001,370,3
12423.0,1859.31,1339,8
12424.0,1760.96,740,2
12425.0,777.2,496,1
12426.0,582.73,258,1
12427.0,825.8,533,3
12428.0,7956.46,3536,9
12429.0,3750.4,1557,4
12430.0,256.4,117,1
12431.0,6419.95,2908,15
12432.0,5059.32,1801,5
12433.0,13375.87,11071,7
12434.0,806.14,394,2
12435.0,7829.89,2055,2
12436.0,509.01,211,1
12437.0,4951.41,2923,18
12438.0,2906.85,1180,2
12441.0,173.55,121,1
12442.0,172.06,182,1
12444.0,5005.46,1155,5
12445.0,133.4,62,1
12446.0,1002.3100000000001,352,1
12447.0,476.49,190,1
12448.0,449.45,243,1
12449.0,4067.29,1553,4
12450.0,197.88,128,2
12451.0,9035.52,6575,5
12452.0,430.57,185,2
12453.0,707.09,473,1
12454.0,3528.34,1006,1
12455.0,2466.86,2089,6
12456.0,3181.04,1633,3
12457.0,2363.23,844,7
12458.0,947.4,506,2
12461.0,826.88,287,2
12462.0,1189.59,536,2
12463.0,1344.78,776,4
12464.0,1212.05,112,8
12465.0,742.1899999999999,479,2
12468.0,729.5400000000001,366,2
12471.0,19788.65,8200,30
12472.0,6572.11,4148,7
12473.0,3928.0499999999997,2414,5
12474.0,7324.09,4833,18
12475.0,723.38,535,1
12476.0,6816.42,2408,11
12477.0,13219.74,3653,6
12478.0,680.99,236,1
12479.0,527.2,385,1
12480.0,3281.63,1707,4
12481.0,5579.82,3294,10
12483.0,2484.98,1110,8
12484.0,4527.32,2187,6
12488.0,1298.66,529,3
12489.0,334.93,105,1
12490.0,5417.93,3064,10
12491.0,460.40000000000003,260,1
12492.0,263.21000000000004,192,2
12493.0,433.74,207,2
12494.0,1246.1000000000001,707,7
12497.0,1043.1,1236,1
12498.0,403.70000000000005,159,3
12500.0,4257.82,2678,11
12501.0,2169.39,1783,1
12502.0,3723.87,820,5
12504.0,482.04999999999995,90,2
12506.0,73.5,23,1
12507.0,1304.81,905,3
12508.0,397.88,271,2
12509.0,176.5,55,1
12510.0,982.5699999999999,353,2
12512.0,132.18,96,2
12513.0,612.29,462,1
12514.0,1017.68,440,1
12515.0,383.7,131,1
12516.0,1312.06,875,2
12517.0,2481.6,1361,5
12518.0,2056.89,1318,5
12519.0,330.84,175,1
12520.0,2634.26,1439,5
12521.0,599.68,309,1
12522.0,192.72,194,2
12523.0,1789.77,865,11
12524.0,4485.72,3699,8
12526.0,1316.66,632,3
12527.0,348.71000000000004,234,3
12528.0,1933.48,756,6
12530.0,1662.28,913,4
12531.0,125.22,45,1
12532.0,349.83000000000004,153,1
12534.0,1089.18,651,1
12535.0,716.35,219,2
12536.0,12601.830000000002,2803,3
12538.0,363.95,191,1
12539.0,5568.35,2067,4
12540.0,13400.24,6685,17
12541.0,981.18,680,3
12544.0,372.7,136,1
12545.0,1000.39,523,2
12546.0,1161.5,633,2
12547.0,207.79999999999998,134,2
12548.0,95.19999999999999,49,1
12550.0,964.83,569,1
12551.0,168.0,100,1
12552.0,437.82,88,2
12553.0,3692.28,1965,10
12556.0,599.56,355,2
12557.0,11990.960000000001,4384,5
12558.0,269.96,196,1
12559.0,561.71,283,2
12560.0,2134.01,1110,3
12561.0,238.85,177,1
12562.0,3781.7400000000002,1779,7
12564.0,456.9,133,1
12565.0,145.92,80,1
12566.0,351.65,265,1
12567.0,9401.28,4305,10
12569.0,4124.69,1801,32
12571.0,519.61,523,2
12572.0,1020.42,452,2
12573.0,160.54000000000002,84,1
12574.0,218.45,61,1
12576.0,1315.83,967,5
12577.0,626.6,469,3
12578.0,2794.51,1196,2
12579.0,440.42,285,1
12580.0,415.7,238,1
12581.0,197.71,161,1
12582.0,511.36,300,2
12583.0,7281.38,5060,15
12584.0,2338.15,416,9
12585.0,2040.1,1279,2
12586.0,196.94000000000003,79,1
12587.0,144.0,51,1
12588.0,214.89999999999998,53,1
12589.0,646.68,306,2
12590.0,9864.26,4283,2
12591.0,452.84999999999997,228,1
12592.0,437.6,290,2
12593.0,418.09999999999997,206,3
12594.0,3338.2200000000003,1777,10
12596.0,618.27,474,2
12597.0,3811.22,2236,4
12598.0,3023.08,1964,8
12599.0,1032.58,956,7
12600.0,2599.04,774,10
12601.0,577.0600000000001,245,5
12602.0,153.12,162,1
12603.0,739.1999999999999,64,1
12604.0,254.18,201,2
12607.0,1579.51,1228,1
12609.0,1126.85,648,3
12610.0,2099.54,1049,5
12611.0,1193.32,846,1
12612.0,704.0400000000001,262,1
12613.0,3344.38,1644,5
12614.0,315.6,76,1
12615.0,2291.19,1376,4
12616.0,713.3,284,2
12617.0,352.98,210,1
12618.0,177.31,96,1
12619.0,3641.24,3378,9
12620.0,1339.41,1181,3
12621.0,13689.67,7440,20
12622.0,180.1,69,1
12623.0,305.1,191,1
12624.0,641.13,355,2
12625.0,2683.82,1612,2
12626.0,6620.48,3453,9
12627.0,4478.53,2752,7
12628.0,786.46,448,3
12630.0,1270.88,548,2
12631.0,640.5,236,1
12633.0,2163.98,1162,4
12635.0,1689.18,1172,2
12637.0,6002.9,2994,8
12638.0,671.69,577,1
12639.0,486.1,201,1
12640.0,1174.58,311,3
12641.0,185.9,72,1
12642.0,1013.26,552,3
12643.0,3344.64,1808,6
12644.0,477.91,325,1
12645.0,1775.18,1084,4
12646.0,1346.97,897,2
12647.0,3722.82,1432,12
12648.0,318.05,160,1
12649.0,623.51,586,3
12650.0,314.44,254,1
12651.0,114.0,78,1
12652.0,919.98,505,1
12653.0,2209.85,919,2
12654.0,601.98,264,5
12656.0,4051.17,1723,5
12657.0,1643.18,1044,4
12658.0,686.05,320,1
12659.0,91.68,105,1
12660.0,245.1,127,1
12662.0,3849.78,2058,11
12664.0,4881.88,1203,9
12665.0,63.0,37,1
12667.0,620.13,395,1
12668.0,3807.15,1634,4
12669.0,2744.0299999999997,1115,3
12670.0,2996.05,1397,5
12672.0,225.89999999999998,78,1
12673.0,610.52,351,2
12674.0,1970.6,1133,4
12676.0,1331.39,670,6
12678.0,17628.46,10923,12
12679.0,1113.02,554,4
12680.0,862.81,443,4
12681.0,13787.54,7536,22
12682.0,12279.82,5555,31
12683.0,8476.57,4987,15
12684.0,2283.63,1985,7
12685.0,2863.08,1523,6
12686.0,89.14,107,1
12688.0,4873.8099999999995,3028,1
12689.0,1247.61,628,2
12690.0,389.01,106,1
12691.0,1035.8,394,6
12693.0,855.91,255,4
12694.0,869.67,509,2
12695.0,582.1,220,4
12697.0,957.59,508,3
12700.0,4939.99,2967,4
12701.0,797.71,678,2
12702.0,219.0,53,1
12703.0,283.55,164,1
12704.0,2340.84,1006,8
12705.0,6868.29,3997,9
12707.0,603.42,256,1
12708.0,2712.91,1307,10
12709.0,9706.52,3912,15
12710.0,1149.02,851,3
12712.0,4396.13,1062,13
12713.0,848.55,508,1
12714.0,4708.86,3069,5
12715.0,343.36,192,1
12716.0,1053.49,708,2
12717.0,1030.98,506,2
12718.0,238.25,203,1
12719.0,644.95,374,2
12720.0,5781.73,4672,25
12721.0,2656.13,1959,6
12722.0,997.63,566,4
12723.0,725.07,434,5
12724.0,1031.41,445,4
12725.0,427.8,164,1
12726.0,2609.1,3143,7
12727.0,3980.7,2098,7
12728.0,836.33,419,4
12729.0,453.01,233,1
12731.0,18895.91,8437,12
12732.0,236.26000000000002,111,1
12733.0,383.95,137,1
12734.0,110.39999999999999,88,1
12735.0,779.5699999999999,368,2
12736.0,234.0,173,1
12738.0,155.35,148,1
12739.0,1013.04,486,2
12740.0,427.6,342,1
12743.0,540.13,315,2
12744.0,21279.29,5241,7
12747.0,4196.01,1275,11
12748.0,33053.19,25288,210
12749.0,4090.88,1471,5
12750.0,275.88,137,1
12752.0,4366.78,2262,1
12753.0,21429.39,11421,6
12754.0,3010.74,6481,3
12755.0,3811.95,1491,2
12756.0,112.07999999999998,144,1
12757.0,7834.650000000001,2395,13
12758.0,2791.59,2135,2
12759.0,1531.44,902,3
12762.0,1898.52,1227,2
12763.0,494.08,316,2
12764.0,1693.88,386,1
12766.0,6989.63,3646,7
12769.0,1143.6,356,1
12770.0,1351.45,743,1
12772.0,892.47,556,1
12775.0,1386.04,877,5
12778.0,822.23,825,6
12779.0,3981.36,2024,8
12781.0,826.74,671,2
12782.0,2330.92,1086,5
12783.0,2225.91,624,6
12784.0,532.8199999999999,280,2
12785.0,311.95,131,1
12787.0,463.66,261,3
12789.0,91.85,4,1
12790.0,324.92,166,1
12791.0,192.60000000000002,97,1
12792.0,400.53999999999996,217,1
12793.0,545.48,295,2
12794.0,860.41,592,2
12795.0,430.48,68,1
12797.0,254.03,118,1
12798.0,6977.04,5256,3
12802.0,427.58,314,1
12808.0,483.65000000000003,188,3
12809.0,489.31,220,1
12811.0,514.85,230,3
12812.0,229.64000000000001,164,1
12814.0,125.92,49,1
12815.0,1063.46,379,2
12816.0,572.2,128,2
12817.0,166.04,53,1
12818.0,1542.08,929,1
12820.0,942.34,722,4
12821.0,92.72,70,1
12822.0,948.88,550,2
12823.0,1759.5,230,5
12824.0,397.12,232,1
12826.0,1474.72,1058,7
12827.0,430.15000000000003,197,3
12828.0,1018.71,494,6
12829.0,293.0,376,2
12830.0,6814.64,9848,6
12831.0,215.05,135,1
12832.0,383.03,195,2
12833.0,417.38,156,1
12834.0,312.38,110,1
12836.0,2610.36,1062,4
12837.0,134.1,24,1
12838.0,671.95,355,2
12839.0,5591.42,3807,14
12840.0,2726.77,1511,4
12841.0,3991.58,2720,25
12842.0,1118.99,547,2
12843.0,1702.26,781,8
12844.0,325.96000000000004,125,2
12845.0,354.09,204,4
12847.0,843.64,873,1
12849.0,1010.29,597,2
12851.0,131.81,106,1
12852.0,311.55,149,1
12853.0,1957.1000000000001,800,6
12854.0,1316.25,626,3
12855.0,38.1,30,1
12856.0,2170.78,1076,6
12857.0,1106.4,343,2
12863.0,521.2,188,1
12864.0,147.12,216,1
12865.0,1568.23,925,2
12866.0,559.12,171,1
12867.0,4009.34,4284,7
12868.0,1607.0600000000002,928,6
12871.0,380.64,200,2
12872.0,599.97,319,2
12873.0,374.0,128,1
12875.0,343.2300000000001,2019,2
12876.0,2218.02,1941,2
12877.0,1535.77,1178,12
12878.0,854.99,547,2
12879.0,573.22,370,3
12881.0,298.0,21,1
12882.0,1463.04,246,2
12883.0,703.47,196,4
12884.0,309.05,43,1
12885.0,1175.22,655,3
12886.0,1378.4,770,2
12888.0,354.12,76,2
12890.0,376.71999999999997,256,1
12891.0,331.0,950,3
12893.0,176.55,90,1
12895.0,372.8,210,2
12897.0,216.5,110,2
12901.0,17654.54,23075,28
12902.0,138.68,66,1
12904.0,496.06,294,2
12906.0,2919.81,1749,5
12908.0,750.0,1200,2
12909.0,2178.67,1280,5
12910.0,3075.04,1692,8
12912.0,1662.3,670,5
12913.0,2483.63,1419,5
12915.0,363.65,93,2
12916.0,2944.95,1083,4
12917.0,594.0,120,1
12919.0,1335.19,673,6
12920.0,162.78,128,1
12921.0,16587.09,9526,37
12922.0,405.38,370,1
12923.0,172.82,68,1
12924.0,933.7,481,4
12925.0,694.05,541,2
12928.0,2062.7000000000003,1472,5
12929.0,117.85,37,1
12930.0,415.8,252,2
12931.0,42055.96,28004,15
12933.0,607.53,499,3
12935.0,2160.7,1853,7
12936.0,1063.9,559,4
12937.0,1504.27,1007,4
12938.0,114.14,140,1
12939.0,11581.8,4876,8
12940.0,899.69,404,2
12942.0,675.6,198,3
12944.0,604.51,289,2
12945.0,462.95,165,1
12947.0,1603.99,1165,6
12948.0,2064.95,1080,7
12949.0,4167.22,2381,8
12950.0,1843.0,1380,3
12951.0,1064.07,503,6
12952.0,1387.79,653,4
12953.0,329.85,84,1
12955.0,4757.16,3664,11
12956.0,108.07,34,1
12957.0,4017.54,2549,8
12962.0,266.39,129,2
12963.0,1856.63,881,8
12965.0,769.8100000000001,282,1
12966.0,160.18,75,1
12967.0,1660.9,438,2
12968.0,135.95,73,1
12970.0,405.47,268,4
12971.0,11189.91,9289,86
12974.0,144.8,24,1
12976.0,738.6,561,1
12977.0,39.239999999999995,12,1
12980.0,7374.900000000001,886,9
12981.0,372.21999999999997,242,2
12982.0,390.54,288,1
12984.0,97.5,26,1
12985.0,1239.38,1533,2
12987.0,558.7,219,2
12988.0,505.82,126,1
12989.0,6924.110000000001,2943,15
12990.0,409.5,200,3
12991.0,503.76,405,2
12993.0,414.76,240,4
12994.0,974.4200000000001,459,3
12995.0,211.32,108,1
12997.0,1226.89,664,4
12999.0,455.88,342,3
13000.0,534.85,379,3
13001.0,9785.970000000001,5490,13
13002.0,120.94999999999999,73,1
13003.0,149.05,103,3
13004.0,5655.91,4822,18
13005.0,513.7,172,2
13006.0,81.57,55,1
13008.0,229.46999999999997,175,1
13011.0,50.550000000000004,13,1
13012.0,1646.8400000000001,820,8
13013.0,4810.9400000000005,2224,13
13014.0,3466.2799999999997,907,10
13015.0,3339.64,1609,5
13016.0,789.89,527,3
13017.0,204.0,48,1
13018.0,7277.7,5435,28
13021.0,2616.38,1352,9
13023.0,689.9,286,2
13026.0,975.36,1620,5
13027.0,6912.0,17280,6
13028.0,661.3199999999999,798,2
13029.0,1247.5,134,3
13030.0,752.4399999999999,348,2
13032.0,1010.18,375,2
13033.0,190.55,83,1
13034.0,642.77,369,2
13035.0,921.88,644,2
13037.0,881.07,431,3
13038.0,908.46,360,3
13040.0,676.99,355,2
13043.0,516.42,254,1
13044.0,560.47,429,1
13045.0,305.28000000000003,221,1
13046.0,629.31,264,2
13047.0,3237.54,1391,10
13048.0,1819.41,1228,4
13049.0,656.6800000000001,268,2
13050.0,5836.86,3748,17
13052.0,348.15000000000003,222,1
13055.0,1214.41,894,3
13058.0,271.40000000000003,52,3
13059.0,183.4,35,1
13060.0,307.53,123,1
13061.0,248.61,107,1
13062.0,346.98,343,1
13064.0,1105.59,514,4
13065.0,205.86,74,1
13066.0,470.8,322,2
13067.0,115.46000000000001,32,1
13068.0,344.0,200,2
13069.0,4431.44,5873,24
13070.0,228.8,110,1
13072.0,177.15,69,1
13075.0,919.61,485,1
13077.0,728.02,862,4
13078.0,12627.94,5630,26
13079.0,220.10000000000002,62,5
13080.0,58.08,120,1
13081.0,28337.38,19160,11
13082.0,3613.63,4324,9
13083.0,303.75,187,2
13085.0,416.08000000000004,216,2
13089.0,58762.08,31025,97
13090.0,8910.82,2263,14
13091.0,345.82,466,1
13092.0,477.83,279,5
13093.0,7832.47,3961,8
13094.0,1927.3200000000002,1716,12
13095.0,74.39999999999999,144,1
13097.0,6003.22,2360,10
13098.0,28882.44,15968,28
13099.0,207.35999999999999,288,1
13101.0,101.19,113,1
13102.0,6424.09,4204,24
13103.0,243.94,82,1
13104.0,1098.48,504,6
13106.0,76.5,18,1
13107.0,1531.6200000000001,1293,4
13108.0,350.06,298,1
13109.0,786.54,520,2
13110.0,1488.67,388,7
13113.0,12245.960000000001,3050,24
13115.0,2294.78,1567,4
13116.0,501.14,291,1
13117.0,984.91,945,8
13118.0,1197.81,410,5
13120.0,30.599999999999998,12,1
13121.0,283.73,252,1
13122.0,922.39,585,2
13124.0,3756.33,2119,3
13126.0,2099.64,2143,8
13127.0,259.17,127,1
13130.0,64.0,32,1
13131.0,1073.3,447,3
13132.0,77.3,20,1
13133.0,109.8,32,2
13134.0,1793.58,1059,4
13135.0,3096.0,4300,1
13136.0,2607.61,1328,5
13137.0,3603.29,2204,8
13138.0,962.39,473,6
13139.0,5064.94,2425,7
13140.0,422.47,185,3
13141.0,2388.75,1548,5
13142.0,307.09,258,1
13144.0,110.95,21,1
13145.0,618.52,145,4
13146.0,228.91,154,1
13147.0,712.8000000000001,144,4
13148.0,3683.26,1965,12
13149.0,1676.06,1280,4
13151.0,1257.8700000000001,363,1
13153.0,486.22,418,1
13155.0,971.76,497,4
13157.0,1741.22,1439,4
13158.0,1201.06,784,4
13159.0,1429.35,1058,4
13160.0,91.8,56,1
13161.0,112.75,29,1
13162.0,1688.29,1713,4
13165.0,1021.48,1376,2
13166.0,417.2,216,1
13167.0,791.33,785,4
13168.0,1299.59,670,4
13169.0,712.88,272,2
13170.0,108.81,141,1
13171.0,468.41,229,3
13173.0,353.65,277,2
13174.0,2742.82,1352,3
13176.0,481.49,448,1
13177.0,282.45,91,1
13178.0,5725.47,3570,11
13182.0,121.18,201,1
13183.0,3957.78,2208,9
13184.0,1668.95,1662,10
13185.0,71.4,12,1
13186.0,1575.89,820,3
13187.0,236.02,95,1
13188.0,114.60000000000001,25,1
13189.0,260.68,842,2
13192.0,911.94,595,2
13193.0,112.08,46,1
13194.0,60.7,26,1
13196.0,1797.78,1224,4
13198.0,3401.2400000000002,2648,6
13199.0,9817.12,6176,38
13200.0,870.09,516,4
13203.0,869.46,800,4
13207.0,250.26000000000002,130,2
13208.0,1217.65,803,6
13209.0,5891.61,4253,8
13210.0,353.48,316,1
13211.0,1095.42,834,3
13212.0,786.83,309,3
13213.0,1520.58,1360,5
13216.0,333.74,297,1
13217.0,533.98,262,3
13218.0,62.63999999999999,88,1
13220.0,819.2900000000001,196,4
13221.0,847.41,244,2
13223.0,163.20000000000002,88,2
13224.0,2155.95,1518,2
13225.0,6463.84,3416,7
13226.0,108.21000000000001,80,1
13227.0,257.7,99,1
13228.0,358.0,200,1
13229.0,160.95,63,1
13230.0,2755.63,1638,14
13232.0,1328.35,773,7
13233.0,605.12,1004,2
13235.0,1031.07,441,1
13236.0,744.85,416,2
13238.0,700.73,298,4
13239.0,329.56,363,1
13240.0,663.65,298,4
13242.0,270.40000000000003,130,3
13243.0,585.12,232,1
13244.0,121.74000000000001,38,1
13245.0,430.5,125,1
13246.0,1961.52,1587,6
13247.0,501.12,328,4
13248.0,465.68,305,2
13249.0,711.41,546,3
13253.0,1030.4,1572,2
13255.0,399.51,177,2
13256.0,0.0,12540,1
13258.0,672.83,282,3
13259.0,283.18,126,1
13260.0,557.62,142,1
13261.0,944.1,210,2
13262.0,200.29,125,1
13263.0,7436.93,4768,35
13265.0,2092.66,1740,5
13266.0,3834.2599999999998,4428,12
13267.0,4521.49,1969,19
13268.0,3174.75,3624,11
13269.0,5343.28,3513,15
13270.0,590.0,200,1
13271.0,211.49,240,1
13272.0,276.56,96,2
13273.0,138.98,153,1
13276.0,590.9300000000001,161,2
13277.0,258.4,176,4
13278.0,542.73,537,1
13279.0,137.75,73,1
13280.0,798.46,518,3
13282.0,1132.14,307,3
13283.0,93.66,90,2
13284.0,201.19,91,1
13285.0,2709.12,2051,4
13291.0,361.11,233,1
13292.0,578.9399999999999,347,2
13294.0,873.74,453,2
13295.0,201.20000000000002,82,1
13296.0,87.4,78,1
13297.0,2089.85,963,4
13298.0,360.0,96,1
13299.0,142.5,30,1
13300.0,371.89,203,1
13301.0,618.09,345,4
13302.0,63.75,5,1
13304.0,300.42,238,1
13305.0,2000.86,1232,10
13307.0,15.0,4,1
13308.0,1385.51,843,3
13309.0,1456.79,1544,5
13310.0,1132.03,587,3
13311.0,598.57,305,2
13313.0,1555.32,851,5
13314.0,775.94,560,3
13316.0,5732.93,5508,4
13317.0,2273.68,1035,6
13318.0,640.76,304,3
13319.0,10845.550000000001,4724,26
13320.0,1532.2,1086,4
13321.0,567.36,372,2
13322.0,199.48000000000002,117,1
13323.0,787.85,175,5
13324.0,7121.95,5205,10
13325.0,675.3,240,1
13327.0,3627.77,1600,8
13328.0,1308.48,680,1
13329.0,789.0,463,2
13330.0,1140.93,751,3
13332.0,350.9,179,1
13334.0,3502.32,1764,3
13336.0,795.12,559,1
13338.0,487.02,256,1
13339.0,860.12,326,1
13340.0,10736.48,5770,7
13341.0,775.85,301,1
13343.0,353.43,135,1
13344.0,2511.69,952,3
13345.0,389.5,141,1
13347.0,341.36,205,1
13348.0,233.76,136,1
13349.0,247.32,225,1
13350.0,979.12,287,2
13351.0,373.94,117,1
13352.0,397.97999999999996,321,1
13354.0,743.53,604,1
13355.0,674.7,314,1
13356.0,768.24,325,1
13357.0,609.4,321,1
13358.0,439.03,285,1
13359.0,439.56,161,1
13362.0,3090.7400000000002,1382,4
13363.0,992.5,710,2
13364.0,134.95999999999998,71,1
13365.0,2225.37,1247,2
13366.0,56.160000000000004,144,1
13368.0,623.4,327,2
13369.0,308.28000000000003,149,1
13370.0,754.87,343,1
13372.0,378.64,159,1
13373.0,3312.25,1651,3
13375.0,778.65,442,1
13376.0,1019.76,493,3
13379.0,572.56,601,3
13381.0,3639.31,2029,6
13382.0,222.99,131,1
13384.0,4151.93,2422,7
13385.0,534.57,281,1
13388.0,677.1,282,2
13389.0,797.96,429,3
13390.0,544.08,224,1
13391.0,59.8,4,1
13394.0,2520.02,2392,8
13395.0,307.72,336,1
13396.0,1360.99,600,2
13397.0,1544.13,430,5
13398.0,457.34,281,1
13402.0,621.23,479,2
13403.0,75.0,44,1
13404.0,252.49,111,2
13405.0,572.451,165,3
13408.0,28117.04,16232,62
13410.0,1003.06,518,5
13411.0,213.55,72,1
13414.0,1390.5,1574,3
13416.0,712.5,142,2
13417.0,640.83,162,2
13418.0,6127.43,3918,18
13419.0,221.06,275,1
13420.0,159.85,101,2
13421.0,1833.71,1128,2
13422.0,2626.3,1326,1
13425.0,1624.21,1123,3
13426.0,3641.32,2245,10
13427.0,582.6,545,3
13428.0,201.78,151,1
13429.0,1006.8,1390,4
13430.0,679.45,751,2
13431.0,1269.1,672,2
13434.0,534.24,300,2
13435.0,3809.8900000000003,2129,7
13436.0,196.89,76,1
13437.0,3408.06,1283,7
13439.0,283.71,242,1
13441.0,296.64,204,1
13447.0,1129.14,584,3
13448.0,3534.69,1648,6
13449.0,291.88,222,1
13450.0,2043.7199999999998,1982,6
13451.0,2898.2599999999998,2128,5
13452.0,590.0,2,2
13453.0,356.97999999999996,134,2
13455.0,1058.34,354,2
13456.0,1766.72,765,6
13458.0,9646.57,5508,14
13460.0,183.44,286,2
13461.0,1445.0,1170,3
13462.0,151.5,62,1
13464.0,674.68,403,1
13466.0,307.9,259,1
13467.0,1071.91,580,2
13468.0,5704.97,2589,37
13470.0,165.0,100,2
13471.0,2501.84,1583,4
13473.0,422.64,266,2
13474.0,226.84,129,1
13475.0,1431.78,1012,4
13476.0,1238.47,417,2
13477.0,1454.58,1021,6
13479.0,300.95,134,2
13481.0,1804.56,1142,5
13482.0,184.64,116,1
13483.0,140.34,160,1
13484.0,313.8,44,1
13485.0,454.24,277,1
13486.0,1122.41,669,3
13487.0,575.4,265,3
13488.0,8968.31,4518,13
13489.0,449.52,560,4
13491.0,1215.82,903,10
13492.0,1269.84,408,3
13493.0,618.63,380,2
13494.0,316.26000000000005,162,1
13495.0,2044.8700000000001,829,5
13496.0,653.33,341,2
13497.0,348.05,163,2
13499.0,1159.11,1365,5
13500.0,1166.77,609,3
13501.0,1340.32,560,1
13502.0,292.0,264,3
13503.0,216.85,248,1
13504.0,295.93,178,1
13505.0,4393.63,2486,4
13506.0,458.52,324,2
13507.0,2479.16,1597,4
13508.0,110.97,24,1
13509.0,979.72,1106,7
13510.0,1791.56,1386,4
13512.0,251.21,143,1
13513.0,205.1,109,1
13514.0,152.20000000000002,40,1
13515.0,891.12,681,4
13516.0,1389.41,985,3
13517.0,2128.42,1369,3
13518.0,627.16,382,1
13519.0,122.75,23,1
13520.0,3624.35,1649,6
13521.0,1071.73,718,3
13522.0,125.80000000000001,44,1
13523.0,3964.88,1752,5
13524.0,680.1800000000001,324,5
13525.0,628.78,394,2
13527.0,2242.36,1683,7
13529.0,307.76,74,2
13531.0,483.8,174,2
13532.0,210.31,129,1
13533.0,269.09,202,3
13534.0,5870.08,2961,25
13536.0,3444.39,2126,7
13538.0,1280.85,175,7
13539.0,631.34,320,3
13544.0,276.06,112,2
13546.0,621.09,357,3
13548.0,678.16,436,2
13549.0,918.2,458,7
13551.0,91.80000000000001,12,1
13552.0,3740.07,1417,12
13555.0,4098.88,2636,4
13557.0,584.06,546,2
13558.0,594.52,338,4
13560.0,171.42000000000002,63,1
13561.0,141.85999999999999,83,1
13562.0,1799.33,757,3
13563.0,777.53,209,2
13564.0,1724.67,636,3
13565.0,240.22,172,2
13566.0,856.84,567,2
13568.0,187.05,66,1
13569.0,338.62,156,2
13570.0,239.49,161,1
13571.0,2088.94,1757,12
13572.0,1384.25,534,1
13573.0,290.25,302,2
13575.0,732.0699999999999,449,5
13576.0,6717.34,2646,18
13577.0,1687.6000000000001,791,4
13579.0,467.04,176,2
13581.0,118.0,30,1
13583.0,781.03,725,1
13584.0,142.4,37,1
13587.0,712.4,180,1
13588.0,2478.95,2606,9
13589.0,379.65,114,2
13590.0,1981.92,1848,6
13591.0,1117.13,485,3
13592.0,247.95999999999998,84,4
13593.0,2011.88,719,5
13594.0,396.97,359,1
13596.0,664.11,384,2
13598.0,160.04,52,1
13599.0,5149.92,3293,21
13600.0,219.52,324,1
13601.0,693.32,548,2
13602.0,428.89,267,1
13603.0,164.34,164,1
13606.0,276.75,276,3
13607.0,675.51,288,1
13610.0,1082.33,488,7
13611.0,1154.4,754,3
13614.0,1585.46,564,4
13615.0,417.69,189,1
13617.0,544.18,300,3
13618.0,177.34,246,1
13621.0,213.85,343,1
13623.0,727.74,286,5
13626.0,257.23,209,1
13627.0,1638.47,1269,5
13629.0,7792.36,4372,11
13630.0,2031.78,1391,7
13631.0,3070.42,467,11
13632.0,2118.93,1031,5
13634.0,1547.3600000000001,700,5
13635.0,1071.03,677,1
13636.0,949.12,592,5
13637.0,804.3,405,3
13638.0,122.64,93,1
13639.0,1033.34,800,1
13642.0,312.28,151,1
13643.0,519.44,273,3
13644.0,2624.26,2067,4
13645.0,252.1,158,1
13647.0,1648.1200000000001,887,4
13649.0,346.6,139,2
13650.0,1836.34,922,6
13651.0,94.2,33,2
13652.0,1095.08,578,3
13654.0,2707.33,2182,6
13655.0,932.97,605,2
13656.0,379.65,490,2
13657.0,382.14,209,2
13658.0,2639.17,1019,5
13659.0,1563.0,882,2
13662.0,881.26,533,3
13663.0,189.47,91,1
13666.0,84.65,41,3
13667.0,299.05,149,1
13668.0,6309.83,3722,21
13669.0,218.55,237,2
13670.0,349.7,282,1
13672.0,186.39000000000001,57,2
13673.0,387.44,114,2
13675.0,486.82000000000005,330,2
13678.0,232.6,924,1
13680.0,3719.12,1934,4
13681.0,827.83,360,4
13682.0,59.5,10,1
13684.0,65.13,38,1
13685.0,3119.44,5056,7
13686.0,72.0,70,1
13689.0,910.0,512,1
13690.0,172.25,67,1
13692.0,1488.32,1226,3
13694.0,65039.62,63312,50
13695.0,2504.13,1603,15
13697.0,151.29999999999998,177,1
13699.0,308.58000000000004,66,1
13700.0,2248.63,2281,10
13703.0,99.5,10,1
13704.0,2308.06,1531,9
13705.0,711.86,363,3
13706.0,330.79,189,1
13707.0,806.41,351,2
13708.0,285.33,301,1
13709.0,6307.650000000001,3508,13
13710.0,180.48,176,1
13711.0,252.06,140,2
13712.0,228.84,352,1
13715.0,1077.39,562,5
13716.0,138.28,138,1
13717.0,1445.01,1959,6
13718.0,306.55,173,2
13719.0,1041.68,609,5
13720.0,799.9,501,4
13721.0,524.14,316,1
13722.0,2375.41,1401,3
13723.0,199.85000000000002,43,1
13725.0,1980.56,806,8
13726.0,1079.6599999999999,1054,2
13727.0,333.48,162,2
13728.0,1016.14,458,6
13730.0,752.6,488,2
13731.0,610.59,278,2
13732.0,491.86,498,1
13735.0,2883.54,1128,4
13736.0,729.8,496,2
13737.0,339.59999999999997,125,1
13739.0,216.9,54,1
13740.0,350.75,425,1
13741.0,668.4300000000001,218,3
13742.0,3107.87,1115,12
13743.0,1341.6,1776,7
13744.0,1080.52,1153,2
13745.0,300.04,496,1
13747.0,79.6,8,1
13748.0,948.25,439,5
13750.0,1647.26,516,5
13751.0,296.25,152,1
13752.0,1175.38,874,6
13753.0,741.26,512,1
13754.0,282.59999999999997,214,2
13755.0,2108.06,1242,9
13756.0,5189.52,3188,14
13758.0,3190.55,1844,7
13759.0,659.4100000000001,287,2
13760.0,286.79,197,2
13761.0,1070.65,642,2
13762.0,306.72,272,1
13763.0,1714.96,728,1
13764.0,1519.42,926,3
13767.0,17220.36,7322,37
13769.0,2796.51,1163,10
13771.0,2634.45,1477,4
13772.0,1122.63,540,3
13774.0,345.0,192,1
13777.0,25977.16,12897,33
13778.0,178.7,70,1
13780.0,360.01,318,2
13781.0,127.84,30,1
13782.0,908.86,369,6
13784.0,2462.79,2493,11
13786.0,230.39999999999998,136,1
13787.0,309.04,337,2
13790.0,348.8,748,1
13791.0,1516.0,1200,2
13792.0,195.55,92,2
13798.0,37153.85,23948,57
13799.0,688.86,402,2
13800.0,558.32,331,1
13801.0,324.8,168,1
13802.0,4599.42,2572,3
13803.0,277.07,121,1
13804.0,2588.39,1462,7
13805.0,924.6,1900,2
13806.0,256.38,56,1
13807.0,112.6,36,1
13808.0,1747.66,782,5
13809.0,155.05,29,1
13810.0,1499.01,312,3
13811.0,814.5,68,3
13812.0,539.0,333,3
13813.0,1366.8600000000001,552,4
13814.0,1579.12,864,2
13815.0,4027.36,2560,4
13816.0,571.6700000000001,269,2
13817.0,382.98,211,2
13819.0,1140.35,1109,3
13821.0,385.64,153,2
13822.0,632.0,611,2
13823.0,957.66,439,2
13824.0,1698.94,768,5
13826.0,189.5,82,1
13827.0,409.8,138,3
13828.0,209.49,311,1
13831.0,2198.45,743,6
13832.0,52.199999999999996,28,1
13833.0,383.85,117,1
13835.0,834.57,442,4
13837.0,266.59000000000003,182,2
13838.0,674.82,254,4
13841.0,85.0,100,1
13842.0,3385.62,1768,9
13844.0,361.62,196,1
13845.0,312.98,182,1
13846.0,865.0600000000001,388,3
13848.0,1255.0,3700,3
13849.0,1537.95,1016,2
13850.0,1595.48,944,1
13851.0,2651.46,1705,3
13853.0,1090.14,312,1
13854.0,8109.5199999999995,2296,25
13856.0,388.5,494,3
13858.0,216.17,75,1
13859.0,201.16,129,1
13860.0,1245.9,591,5
13862.0,2209.36,1688,8
13863.0,305.78,224,1
13865.0,501.56,204,4
13866.0,145.67000000000002,57,1
13867.0,1005.09,501,3
13868.0,3192.54,1964,2
13869.0,3083.65,1709,4
13870.0,2770.94,1325,8
13871.0,6403.25,2806,13
13873.0,389.6,140,3
13874.0,540.45,180,1
13875.0,1786.79,1316,5
13876.0,122.7,36,1
13877.0,117.24,108,1
13878.0,1271.57,463,1
13880.0,3219.77,1842,13
13881.0,17159.52,10118,20
13882.0,1191.13,953,5
13883.0,2674.48,1436,5
13884.0,787.6,300,5
13885.0,506.8,182,2
13886.0,243.56,126,1
13887.0,349.55,147,1
13888.0,595.67,254,2
13889.0,416.90000000000003,146,1
13890.0,1883.8100000000002,831,10
13892.0,632.97,983,4
13893.0,821.1,190,1
13894.0,564.62,354,3
13895.0,2593.07,1365,4
13897.0,311.16,200,1
13898.0,155.93,133,1
13899.0,388.52,156,2
13900.0,740.95,430,3
13901.0,2867.2,1739,5
13904.0,332.64,332,2
13908.0,2369.55,1478,4
13911.0,2580.91,2731,9
13914.0,626.45,380,2
13917.0,272.04,228,2
13918.0,1212.8400000000001,1140,2
13919.0,384.81,474,2
13922.0,172.25,93,1
13923.0,351.13,185,1
13924.0,1838.8500000000001,1575,6
13925.0,678.25,331,4
13926.0,223.85000000000002,104,1
13927.0,348.99,214,1
13928.0,464.57,129,4
13929.0,842.65,143,2
13930.0,337.34,274,2
13931.0,1237.53,725,2
13932.0,307.4,72,1
13933.0,608.7900000000001,205,2
13934.0,922.1,390,1
13936.0,376.58,330,1
13937.0,158.85,123,1
13938.0,71.66,70,1
13939.0,568.55,847,3
13940.0,839.14,516,4
13941.0,5112.96,2364,5
13946.0,561.5699999999999,443,3
13947.0,90.6,44,1
13948.0,102.0,40,1
13949.0,2427.32,2474,6
13950.0,745.06,323,4
13951.0,674.45,459,3
13952.0,3251.071,1431,2
13953.0,3515.68,2724,7
13954.0,439.92,150,2
13955.0,322.96,154,2
13956.0,1019.27,486,5
13959.0,594.04,355,3
13960.0,230.22,142,2
13962.0,169.55,87,2
13963.0,664.54,460,4
13967.0,80.7,42,1
13969.0,9024.17,4528,18
13971.0,2758.26,1844,8
13972.0,190.25,187,2
13973.0,264.7,109,1
13974.0,413.59000000000003,249,1
13975.0,2461.2400000000002,1697,6
13976.0,357.98,154,1
13978.0,196.79000000000002,315,2
13979.0,869.87,639,1
13980.0,200.14,172,1
13982.0,1871.81,1136,4
13983.0,2603.43,1183,12
13984.0,920.51,679,5
13985.0,7060.13,3447,15
13986.0,320.46,430,1
13988.0,4147.96,3044,6
13989.0,1266.08,1313,2
13990.0,311.3,190,1
13991.0,852.88,995,6
13992.0,76.8,64,1
13993.0,3466.36,900,9
13994.0,2274.14,932,6
13995.0,1393.69,879,5
13999.0,3901.81,2243,12
14000.0,635.66,710,1
14001.0,2043.0800000000002,962,3
14002.0,529.73,877,2
14004.0,4582.64,2668,7
14005.0,2874.72,2478,5
14006.0,962.19,641,3
14009.0,695.61,365,2
14012.0,328.8,160,1
14013.0,473.02,462,3
14014.0,505.18,1076,1
14015.0,917.34,378,1
14016.0,4341.21,2125,4
14019.0,1421.61,1037,3
14020.0,642.8,441,2
14021.0,631.9,192,3
14022.0,440.0,487,1
14023.0,584.07,345,2
14024.0,327.7,150,2
14027.0,104.82,62,1
14029.0,467.66,198,2
14030.0,2358.84,1478,8
14031.0,17286.86,5788,19
14032.0,2975.59,2032,11
14034.0,648.89,420,3
14035.0,1428.02,739,5
14036.0,626.65,268,1
14037.0,147.20000000000002,46,2
14038.0,1560.38,965,3
14039.0,152.2,92,1
14040.0,3560.32,1544,12
14041.0,141.41,94,1
14044.0,646.42,304,4
14045.0,1659.75,535,4
14046.0,154.99,460,1
14047.0,1308.6100000000001,381,5
14048.0,409.93,288,1
14049.0,5578.72,3808,4
14050.0,746.36,689,2
14051.0,15610.390000000001,3756,23
14052.0,225.36,89,1
14053.0,260.25,215,2
14054.0,92.46,62,1
14055.0,725.6400000000001,216,1
14056.0,8152.71,4252,23
14057.0,6211.66,4873,17
14059.0,183.6,128,1
14060.0,6140.42,5386,19
14062.0,10464.85,5593,12
14064.0,1334.34,1772,5
14066.0,152.55,45,1
14067.0,374.7,361,2
14068.0,265.85,73,1
14071.0,1437.57,994,8
14073.0,151.04,130,1
14075.0,942.26,754,3
14076.0,118.67,79,1
14077.0,499.41999999999996,268,5
14078.0,1049.37,310,6
14079.0,375.1,301,1
14080.0,45.599999999999994,48,1
14081.0,921.62,592,2
14082.0,182.25,110,1
14083.0,1002.9,705,9
14085.0,4421.29,3177,18
14087.0,191.47,250,1
14088.0,50491.81,12665,13
14089.0,158.75,133,1
14090.0,76.32000000000001,72,1
14092.0,4076.91,2066,14
14093.0,433.86,391,1
14096.0,65164.79,16352,17
14098.0,147.35,104,1
14099.0,3104.17,2179,11
14100.0,191.95000000000002,63,1
14101.0,5976.79,6942,6
14102.0,1105.8799999999999,769,5
14104.0,216.20999999999998,72,2
14105.0,1266.23,800,1
14107.0,2703.23,1793,7
14108.0,597.91,381,2
14109.0,144.2,88,1
14110.0,5683.15,2457,12
14111.0,692.85,458,4
14112.0,2915.15,1651,7
14113.0,1840.42,745,4
14114.0,386.53,101,2
14116.0,1382.74,707,5
14117.0,90.0,72,1
14121.0,2780.15,2082,4
14124.0,419.58000000000004,1618,1
14125.0,2720.63,1628,3
14126.0,706.1300000000001,508,3
14127.0,709.71,321,3
14128.0,637.5,564,2
14129.0,1123.8600000000001,592,5
14130.0,480.91,257,1
14132.0,3586.0299999999997,3368,11
14133.0,605.64,348,3
14135.0,4690.31,3850,15
14138.0,965.8800000000001,600,2
14139.0,415.82,510,1
14140.0,935.05,811,2
14141.0,915.13,355,4
14142.0,311.81,313,1
14143.0,115.8,30,1
14145.0,3742.2,756,4
14146.0,4191.0,2437,5
14147.0,483.4,108,2
14148.0,157.2,16,1
14149.0,446.62,218,1
14150.0,658.64,496,2
14152.0,621.29,711,2
14154.0,1345.62,465,2
14155.0,118.75,25,1
14156.0,117210.08,57768,55
14157.0,424.89000000000004,271,2
14158.0,507.66,781,1
14159.0,4630.35,4348,11
14161.0,1097.6200000000001,450,3
14162.0,289.36,142,2
14163.0,2445.91,893,4
14164.0,1631.77,1033,2
14165.0,120.44,53,1
14167.0,562.59,147,4
14171.0,363.79,167,1
14173.0,450.84,150,4
14174.0,134.46,94,1
14175.0,3222.3,1515,3
14176.0,576.9000000000001,209,4
14177.0,549.46,204,4
14178.0,1600.26,1494,7
14179.0,701.57,319,2
14180.0,4748.52,719,25
14184.0,452.89,127,1
14185.0,197.65,6,1
14188.0,2054.36,1162,6
14189.0,4654.08,3937,15
14191.0,4684.76,3662,13
14193.0,853.39,445,2
14194.0,11349.52,5840,21
14195.0,1012.0,760,2
14196.0,335.52,142,1
14198.0,701.4,290,4
14199.0,185.39999999999998,28,1
14201.0,747.44,590,7
14204.0,150.61,72,1
14205.0,466.7,204,2
14206.0,328.15999999999997,276,1
14208.0,151.74,114,1
14209.0,2073.43,691,6
14210.0,1905.8400000000001,760,6
14211.0,2241.1,1242,9
14212.0,1070.48,1152,1
14214.0,1004.38,751,5
14215.0,1789.72,1358,6
14216.0,1839.3,594,4
14217.0,2004.98,689,17
14218.0,169.48000000000002,160,1
14219.0,89.94,78,1
14220.0,632.4,272,2
14221.0,3432.8,2191,9
14222.0,683.17,607,1
14223.0,991.13,585,3
14224.0,1009.73,483,4
14226.0,2214.79,1296,5
14227.0,3350.96,1820,10
14229.0,1547.2,610,3
14231.0,925.71,409,3
14232.0,2048.07,1941,5
14233.0,1462.72,680,4
14234.0,754.12,951,4
14235.0,3144.86,1959,5
14236.0,490.86,310,2
14237.0,161.0,38,1
14238.0,146.85,111,1
14239.0,2380.85,993,11
14240.0,890.34,418,2
14241.0,213.70000000000002,146,1
14242.0,280.55,123,2
14243.0,2588.77,1221,10
14245.0,1693.45,976,2
14246.0,1474.06,804,3
14247.0,136.76999999999998,47,1
14248.0,302.58,102,1
14250.0,1904.05,1200,3
14251.0,2879.7000000000003,1674,5
14256.0,969.0600000000001,414,2
14257.0,3099.7200000000003,1682,5
14258.0,12669.98,7100,9
14259.0,120.0,68,1
14261.0,1163.45,406,2
14262.0,2618.23,1645,8
14264.0,333.97,70,2
14265.0,530.18,330,2
14267.0,1516.24,530,3
14270.0,492.65000000000003,197,1
14271.0,112.32,88,1
14272.0,437.96,599,2
14273.0,559.97,264,4
14276.0,1119.74,744,3
14277.0,4188.0,1976,3
14280.0,134.04,52,1
14282.0,3701.44,2656,15
14284.0,595.25,161,2
14285.0,1910.01,541,4
14286.0,4628.75,4338,3
14287.0,176.63,261,3
14288.0,426.6,188,1
14289.0,911.26,292,6
14290.0,2314.65,915,5
14291.0,3883.25,2749,11
14292.0,4871.93,1663,9
14293.0,1046.56,709,4
14295.0,166.20000000000002,84,1
14297.0,1305.33,865,4
14298.0,51527.3,58343,44
14299.0,3965.62,2149,9
14300.0,43.2,32,1
14301.0,640.14,606,1
14304.0,383.45,139,1
14305.0,1858.96,1089,3
14306.0,2093.32,1075,2
14307.0,2995.72,2058,6
14309.0,2352.53,1633,9
14311.0,310.26,146,1
14312.0,1611.59,1012,6
14314.0,120.0,296,1
14315.0,2481.13,1021,6
14317.0,508.58000000000004,255,1
14320.0,477.79,325,2
14321.0,1530.75,2406,5
14323.0,605.0600000000001,350,2
14326.0,183.85,103,1
14327.0,311.65,139,1
14329.0,4975.24,3087,7
14331.0,462.65999999999997,252,2
14332.0,840.21,463,3
14333.0,415.2,58,1
14334.0,2552.21,1731,8
14335.0,454.86,375,2
14336.0,1614.91,1759,4
14338.0,588.22,335,2
14339.0,309.52,168,1
14340.0,134.7,58,1
14341.0,2166.98,1397,8
14342.0,668.5600000000001,347,4
14344.0,889.9300000000001,477,8
14345.0,108.97999999999999,50,1
14346.0,1021.58,605,2
14348.0,409.57,183,1
14349.0,133.5,86,1
14350.0,282.93,183,1
14351.0,51.0,12,1
14352.0,1078.96,538,4
14353.0,90.6,64,1
14354.0,163.62,210,2
14355.0,174.4,92,1
14356.0,701.23,277,2
14357.0,225.12,147,1
14359.0,912.18,371,3
14360.0,2118.03,1139,4
14362.0,151.5,96,1
14364.0,3717.35,1967,8
14367.0,9227.82,4426,16
14368.0,155.0,36,1
14371.0,100.5,34,1
14373.0,76.55,17,1
14375.0,235.56,184,1
14377.0,617.05,219,2
14379.0,348.1,292,2
14381.0,202.68,146,1
14382.0,615.49,1231,1
14383.0,1247.69,817,3
14385.0,202.11,159,3
14386.0,142.4,54,1
14387.0,1727.6,795,3
14388.0,3212.84,1941,8
14389.0,1043.46,729,2
14390.0,4642.57,2133,9
14393.0,67.95,13,1
14395.0,3479.91,1689,9
14396.0,487.99,225,2
14397.0,2612.96,1890,19
14400.0,574.7,454,1
14401.0,4051.48,4507,13
14403.0,1475.81,519,4
14404.0,1449.32,827,6
14406.0,156.75,77,1
14407.0,2157.73,1415,6
14408.0,2599.03,1610,7
14409.0,2059.4500000000003,1230,6
14410.0,1100.27,569,9
14411.0,1063.0,196,1
14412.0,770.03,786,2
14413.0,121.05,67,1
14414.0,1496.98,2512,7
14415.0,5855.57,2996,13
14416.0,490.22,326,2
14418.0,1937.25,1711,3
14419.0,1051.79,483,6
14420.0,387.52,334,1
14421.0,813.11,365,2
14422.0,4263.64,2906,6
14423.0,265.2,120,1
14424.0,322.08,48,1
14426.0,4481.67,2699,10
14427.0,363.34000000000003,228,2
14428.0,1224.06,428,5
14431.0,470.36,130,1
14432.0,2248.5,2013,6
14434.0,1372.8,368,6
14436.0,89.06,129,1
14437.0,63.0,60,1
14438.0,131.9,82,1
14439.0,2661.24,526,1
14440.0,2357.6800000000003,588,5
14441.0,1712.89,446,4
14442.0,1589.82,482,2
14443.0,1420.2,938,4
14446.0,1010.35,916,4
14447.0,1163.23,571,5
14448.0,375.35,104,2
14449.0,885.8,741,4
14450.0,483.25,241,3
14451.0,643.9,378,2
14452.0,259.05,116,2
14453.0,119.93,49,1
14456.0,3017.28,2885,9
14457.0,113.64,88,1
14459.0,1837.92,760,1
14460.0,434.34,881,3
14461.0,2103.06,766,3
14462.0,1980.57,956,11
14463.0,529.62,179,3
14465.0,1038.44,398,3
14466.0,2272.4,1006,7
14467.0,596.26,276,4
14470.0,461.19,193,2
14472.0,1852.67,1135,8
14473.0,234.34000000000003,88,2
14474.0,547.66,140,1
14475.0,925.85,447,3
14476.0,193.0,110,1
14477.0,1309.6,720,4
14479.0,316.25,117,2
14480.0,279.05,143,1
14481.0,636.51,489,2
14482.0,2022.81,1627,6
14483.0,137.1,97,1
14484.0,321.92,210,1
14485.0,162.8,70,1
14487.0,1165.48,712,6
14488.0,1064.28,799,1
14489.0,463.38,299,1
14491.0,340.93,139,2
14493.0,2383.2400000000002,1285,5
14494.0,139.56,92,1
14495.0,123.8,62,2
14496.0,538.8100000000001,159,2
14497.0,475.37,235,1
14498.0,1957.32,1098,5
14499.0,808.44,496,3
14500.0,356.85,117,3
14501.0,251.21,161,2
14502.0,2429.83,1480,11
14503.0,3543.26,2004,6
14504.0,673.26,308,4
14505.0,5859.43,2739,8
14506.0,1960.65,704,5
14507.0,1367.88,594,6
14508.0,268.05,129,2
14511.0,1314.81,784,5
14512.0,275.28,122,2
14513.0,455.59000000000003,361,3
14514.0,990.2,564,3
14515.0,2076.89,1110,6
14517.0,330.45,91,2
14518.0,174.37,278,1
14520.0,270.6,146,2
14522.0,974.54,525,4
14523.0,241.09,251,1
14524.0,1843.83,669,9
14525.0,4215.9,2637,9
14527.0,8507.13,2088,55
14528.0,364.21999999999997,278,1
14529.0,578.61,325,3
14530.0,2862.11,1395,6
14532.0,932.85,284,4
14533.0,1949.72,4019,7
14534.0,4397.3,2027,18
14535.0,2854.84,1824,3
14536.0,170.95,39,1
14537.0,355.56,120,1
14538.0,388.25,155,2
14539.0,537.48,428,2
14540.0,952.66,411,3
14541.0,1453.35,641,8
14542.0,103.25,19,1
14543.0,3599.73,675,16
14544.0,2004.3,1536,2
14546.0,2573.93,1313,5
14547.0,3974.75,2639,8
14548.0,652.8,256,2
14549.0,289.24,136,1
14550.0,757.37,389,2
14551.0,186.23,106,2
14552.0,164.22,90,1
14553.0,859.27,493,5
14554.0,2279.4900000000002,1443,4
14555.0,312.54,122,2
14557.0,788.38,510,1
14560.0,2237.77,1260,22
14561.0,1080.76,1014,3
14562.0,5006.77,1815,18
14565.0,3099.12,1540,4
14566.0,1432.0,800,1
14567.0,1530.3600000000001,412,2
14569.0,227.39,79,1
14570.0,218.06,95,2
14572.0,2804.54,1420,7
14573.0,1639.82,534,9
14576.0,35.400000000000006,12,1
14577.0,859.71,353,4
14578.0,168.63,240,1
14581.0,138.6,217,1
14582.0,114.11,73,1
14583.0,986.96,751,5
14584.0,1033.06,381,4
14585.0,157.05,91,1
14586.0,237.36,444,1
14587.0,1580.29,749,9
14589.0,39.75,5,1
14591.0,1320.21,1228,4
14592.0,557.94,407,3
14593.0,617.15,330,3
14594.0,363.33,183,2
14595.0,1740.6,978,6
14597.0,866.24,566,2
14598.0,221.97,189,1
14600.0,393.33000000000004,125,1
14601.0,213.96,168,1
14603.0,660.0,400,1
14606.0,12076.15,6187,93
14607.0,16209.5,11526,14
14608.0,1785.15,437,4
14609.0,601.56,7026,4
14616.0,406.08000000000004,104,3
14618.0,553.44,264,3
14619.0,394.44,152,1
14620.0,412.78000000000003,214,2
14621.0,1788.3600000000001,993,5
14622.0,320.58000000000004,146,1
14623.0,886.7,418,5
14624.0,225.85,162,2
14625.0,899.63,335,2
14626.0,2791.27,1403,4
14628.0,671.96,272,2
14629.0,955.26,378,2
14631.0,1006.98,622,3
14632.0,114.56,96,1
14633.0,344.90000000000003,96,1
14636.0,609.85,241,2
14638.0,443.6,166,1
14639.0,2984.49,1431,6
14640.0,2107.38,880,6
14641.0,110.46,90,1
14642.0,96.12,76,1
14643.0,693.8100000000001,815,2
14644.0,830.76,258,2
14645.0,597.09,381,2
14646.0,280206.02,197491,74
14647.0,236.04000000000002,91,1
14649.0,1402.59,1004,4
14651.0,653.75,343,2
14652.0,114.18,53,1
14653.0,1926.65,945,7
14655.0,1932.23,1089,4
14656.0,291.05,120,2
14657.0,848.22,466,4
14658.0,247.15,47,2
14659.0,2529.93,1195,9
14660.0,285.74,228,2
14661.0,107.95,35,1
14662.0,741.37,578,4
14664.0,636.24,465,2
14665.0,1835.7,740,5
14666.0,195.25,161,1
14667.0,9175.04,5319,25
14669.0,1259.24,770,3
14670.0,392.86,326,2
14672.0,765.55,454,2
14673.0,1736.4,1004,5
14675.0,596.36,336,1
14676.0,2548.2400000000002,2500,6
14680.0,28754.11,13476,16
14681.0,498.95,76,3
14682.0,52.0,80,2
14684.0,1201.51,821,5
14687.0,628.38,470,1
14688.0,5579.1,3584,21
14689.0,112.8,76,1
14690.0,355.05,167,2
14691.0,2114.33,707,5
14692.0,591.55,265,4
14693.0,172.9,34,1
14696.0,2078.95,1630,7
14697.0,188.60999999999999,181,2
14698.0,1217.27,602,5
14699.0,109.13000000000001,77,1
14700.0,2195.1,1314,3
14701.0,2526.09,921,9
14702.0,3251.79,1439,17
14703.0,318.17,183,1
14704.0,1493.96,1043,9
14705.0,179.0,100,1
14708.0,1126.37,621,3
14709.0,4921.04,2484,13
14710.0,599.48,375,4
14711.0,2839.62,966,11
14712.0,917.07,315,3
14713.0,2662.2,1613,11
14714.0,160.19,229,1
14715.0,867.38,521,4
14716.0,307.51,495,2
14719.0,1581.84,1025,5
14720.0,663.81,219,3
14722.0,180.42000000000002,118,1
14723.0,1122.3600000000001,673,6
14725.0,655.58,588,1
14727.0,268.58,62,1
14729.0,313.49,197,1
14730.0,1897.57,1078,8
14731.0,380.02,256,3
14732.0,2702.4900000000002,1405,8
14733.0,9585.91,3764,12
14735.0,6065.69,2264,32
14737.0,1164.55,345,3
14738.0,1314.45,601,7
14739.0,3902.28,3820,7
14740.0,1448.21,735,3
14741.0,1400.34,841,6
14744.0,1099.98,627,7
14745.0,1220.26,1038,5
14747.0,328.2,84,1
14748.0,1415.75,1223,5
14752.0,389.64,260,1
14753.0,563.15,211,1
14754.0,638.05,486,2
14755.0,5010.28,2219,11
14756.0,738.96,416,1
14757.0,420.5,160,1
14758.0,1484.06,419,4
14759.0,1625.97,569,3
14760.0,89.2,40,1
14761.0,255.9,118,2
14762.0,300.52,341,1
14764.0,278.3,190,1
14765.0,254.11,135,3
14766.0,2473.37,1349,6
14768.0,192.60000000000002,52,2
14769.0,10416.98,7239,8
14770.0,876.42,490,2
14772.0,139.26,82,1
14775.0,1011.9,1174,3
14776.0,2538.3,3134,11
14778.0,730.86,306,2
14779.0,386.15,84,3
14780.0,447.68,310,2
14782.0,200.10000000000002,114,1
14784.0,289.99,237,2
14785.0,77.4,84,2
14788.0,679.4399999999999,421,2
14789.0,197.64,116,1
14790.0,745.06,699,4
14792.0,6.2,2,1
14793.0,228.99,91,1
14794.0,1319.91,673,7
14795.0,131.45000000000002,17,1
14796.0,7975.49,5995,17
14798.0,173.74,150,3
14799.0,157.7,146,1
14800.0,4331.79,3644,12
14801.0,189.34,173,1
14803.0,845.55,370,3
14804.0,353.27,121,1
14805.0,546.4,114,4
14806.0,193.39000000000001,330,1
14808.0,2718.6,2120,8
14810.0,2085.33,1015,11
14813.0,152.88,66,2
14815.0,778.5,744,2
14816.0,271.85,5,1
14817.0,1110.34,655,2
14818.0,657.8,324,3
14819.0,272.07,109,2
14820.0,507.29,253,4
14821.0,48.800000000000004,20,1
14823.0,321.43,88,3
14824.0,1127.71,525,4
14825.0,2221.01,989,12
14828.0,2139.76,2172,3
14829.0,697.55,452,4
14830.0,188.88,164,1
14834.0,1720.3,734,6
14836.0,102.44999999999999,45,3
14837.0,1649.5,1436,4
14840.0,62.85,31,1
14841.0,3295.76,1778,6
14842.0,2824.69,1166,4
14844.0,3189.81,1833,4
14847.0,309.4,120,1
14849.0,7930.54,5694,25
14850.0,325.75,293,1
14851.0,511.35,325,2
14852.0,2836.69,1747,6
14853.0,475.8,82,2
14854.0,2740.03,1820,7
14855.0,645.65,267,2
14856.0,1290.53,711,3
14857.0,1173.12,464,2
14859.0,1353.74,671,4
14860.0,170.32,232,1
14861.0,125.79,117,1
14862.0,841.1999999999999,772,2
14863.0,266.76,132,1
14865.0,52.2,108,2
14866.0,14389.9,6752,12
14867.0,710.28,328,3
14868.0,2953.59,1405,8
14869.0,721.45,549,2
14870.0,327.25,119,1
14871.0,501.28000000000003,179,4
14873.0,519.68,168,1
14875.0,1465.3200000000002,558,2
14878.0,1476.09,799,9
14880.0,690.59,365,3
14881.0,255.4,316,1
14882.0,589.7,158,2
14883.0,761.59,790,6
14885.0,765.3199999999999,724,1
14886.0,364.8,160,1
14887.0,1862.0,1100,1
14888.0,369.2,184,1
14889.0,135.9,90,1
14890.0,125.65,51,1
14891.0,554.38,505,2
14893.0,1237.8500000000001,799,2
14894.0,655.75,265,1
14895.0,11138.710000000001,4851,20
14896.0,468.77000000000004,279,2
14897.0,1366.38,468,4
14898.0,1269.31,1001,6
14901.0,1421.29,661,9
14902.0,332.66,218,1
14903.0,2795.33,1531,5
14904.0,1025.44,1985,2
14905.0,616.15,287,2
14907.0,3501.1,1691,7
14908.0,277.8,132,1
14910.0,434.35,238,4
14911.0,143711.17,80490,201
14912.0,867.85,971,2
14913.0,1227.43,1743,4
14915.0,307.48,112,2
14916.0,1268.98,1136,4
14918.0,1610.15,675,2
14920.0,977.77,509,2
14921.0,1316.07,953,2
14923.0,749.1,418,1
14924.0,310.05,64,1
14929.0,223.88,136,1
14930.0,2362.96,1160,3
14931.0,1257.68,417,5
14932.0,363.53,80,1
14934.0,1890.94,1042,2
14935.0,1784.71,935,1
14936.0,8137.02,4085,8
14937.0,1621.88,484,3
14944.0,5900.25,2815,12
14946.0,100.9,22,1
14947.0,290.82,179,2
14948.0,1101.97,673,6
14950.0,371.2,136,1
14951.0,311.69,311,1
14952.0,8099.49,3355,11
14953.0,285.67,224,1
14954.0,294.85,117,1
14957.0,58.49,34,1
14958.0,483.72999999999996,128,3
14959.0,695.42,494,4
14960.0,221.27,221,2
14961.0,7044.68,3708,9
14962.0,126.7,44,1
14963.0,1472.34,1159,5
14964.0,206.21,143,1
14965.0,596.09,363,2
14966.0,183.02,179,1
14967.0,463.8,140,1
14968.0,147.59,127,1
14970.0,1592.06,250,4
14971.0,1097.98,639,3
14972.0,114.77,28,1
14973.0,1314.45,369,3
14974.0,89.94,37,1
14975.0,279.94,380,1
14976.0,790.86,234,7
14978.0,1921.3700000000001,523,5
14981.0,102.12,97,1
14984.0,202.37,58,2
14985.0,292.01,256,2
14987.0,326.4,128,2
14988.0,334.54,141,1
14995.0,231.98000000000002,102,2
14997.0,546.1999999999999,1120,3
14998.0,414.87,258,2
15000.0,490.52,218,1
15002.0,1641.76,862,4
15004.0,1220.77,623,1
15005.0,6295.37,4230,28
15006.0,480.38,286,1
15007.0,156.91,69,1
15009.0,1259.43,639,3
15010.0,308.94,184,1
15012.0,405.04,225,2
15014.0,257.67,149,2
15016.0,170.04,76,1
15017.0,125.58,63,1
15018.0,496.21000000000004,189,3
15019.0,252.81,150,1
15021.0,1871.77,819,9
15022.0,852.39,527,4
15023.0,6720.41,2827,11
15024.0,1636.43,902,10
15025.0,361.96,184,1
15026.0,469.0,285,3
15027.0,1066.1499999999999,565,4
15028.0,627.13,459,4
15030.0,518.28,372,2
15031.0,653.19,400,4
15032.0,4959.1,2968,3
15033.0,2557.18,1672,10
15034.0,4274.16,2413,8
15035.0,252.73000000000002,245,1
15036.0,429.56,316,3
15038.0,685.74,212,6
15039.0,19766.59,9131,47
15041.0,179.93,103,1
15042.0,135.93,30,1
15043.0,537.0,300,1
15044.0,7634.7300000000005,2785,17
15045.0,735.66,114,2
15046.0,5090.42,3372,15
15047.0,343.62,222,1
15048.0,381.0,192,4
15049.0,121.17000000000002,63,1
15050.0,1737.69,1216,3
15051.0,1383.3600000000001,1010,3
15052.0,207.73000000000002,79,1
15053.0,693.95,984,3
15054.0,302.1,198,2
15057.0,1489.5,668,2
15058.0,2102.54,1054,11
15059.0,1337.72,604,9
15060.0,294.25,257,4
15061.0,54534.14,28920,48
15062.0,987.86,763,4
15063.0,370.79999999999995,56,1
15065.0,3158.13,1383,4
15066.0,893.59,317,1
15067.0,1744.76,954,3
15068.0,553.36,364,2
15069.0,1109.53,520,1
15070.0,106.2,36,1
15071.0,982.07,269,2
15073.0,1043.41,491,3
15074.0,735.67,431,1
15075.0,773.03,447,1
15076.0,880.85,571,1
15078.0,9743.11,5105,32
15079.0,895.61,389,4
15081.0,504.8,190,5
15083.0,88.2,38,1
15087.0,306.94,470,1
15088.0,1160.07,460,2
15089.0,2420.84,1359,6
15090.0,381.32,208,1
15091.0,480.71,346,1
15092.0,457.81,135,2
15093.0,4597.02,3760,6
15095.0,1370.6,1079,4
15096.0,219.39000000000001,120,1
15097.0,248.08,170,1
15098.0,39916.5,121,3
15099.0,410.48,343,1
15100.0,876.0,80,3
15101.0,317.53,241,2
15103.0,703.36,329,2
15104.0,993.54,635,2
15105.0,2298.93,1211,7
15106.0,1422.52,1181,5
15107.0,319.5,170,6
15108.0,1300.25,499,4
15109.0,484.95,131,1
15110.0,996.1,246,4
15111.0,1567.48,710,3
15113.0,3509.43,2344,3
15114.0,2760.56,3096,10
15115.0,340.11,157,1
15116.0,1352.75,648,4
15117.0,1551.78,1948,5
15118.0,244.8,1440,1
15119.0,266.4,88,1
15120.0,358.82,296,1
15121.0,457.72,199,2
15122.0,1633.78,800,3
15123.0,2199.31,1195,2
15124.0,184.19,233,2
15125.0,11528.48,6193,15
15127.0,406.53,251,1
15128.0,1471.0,1343,4
15129.0,3447.4,1794,11
15130.0,330.11,197,1
15132.0,977.9300000000001,679,5
15133.0,982.42,680,3
15134.0,1387.99,887,8
15135.0,139.05,43,1
15136.0,1286.7,776,4
15139.0,178.96,208,2
15140.0,2354.25,1572,7
15142.0,498.74,365,1
15143.0,259.45,150,1
15144.0,6580.44,3050,17
15145.0,1194.73,756,4
15146.0,1327.16,1473,2
15147.0,623.5,366,1
15148.0,301.29,187,1
15149.0,520.8000000000001,128,1
15150.0,5291.33,3642,10
15152.0,4745.69,2704,13
15153.0,329.25,198,1
15154.0,254.28,89,1
15156.0,961.49,597,3
15157.0,1936.07,2392,3
15158.0,401.40000000000003,198,1
15159.0,18641.010000000002,11441,30
15160.0,158.16,84,1
15163.0,304.47,186,2
15164.0,824.58,351,3
15165.0,487.75,160,1
15167.0,158.8,65,1
15168.0,106.56,52,1
15171.0,1289.5,290,1
15172.0,1624.05,1611,5
15174.0,135.75,145,1
15175.0,224.14,454,1
15178.0,40.5,30,1
15179.0,2206.95,1938,5
15180.0,87.5,36,1
15181.0,689.4799999999999,544,3
15182.0,622.85,253,2
15184.0,402.2,199,2
15185.0,310.62,666,1
15186.0,411.41,215,2
15187.0,4777.18,1887,16
15189.0,16225.39,6149,41
15192.0,1044.32,918,3
15193.0,499.32,144,1
15194.0,7616.53,5703,15
15195.0,3861.0,1404,1
15197.0,1079.6100000000001,469,3
15198.0,193.64,120,2
15199.0,1268.7,396,4
15201.0,1236.54,1210,5
15203.0,1827.8,1753,6
15204.0,316.58,258,1
15205.0,653.24,378,2
15206.0,420.29999999999995,162,4
15208.0,870.12,316,5
15210.0,331.18,228,1
15211.0,894.4100000000001,240,2
15212.0,101.8,36,1
15213.0,328.35,272,2
15214.0,1661.44,1254,8
15215.0,734.94,225,3
15216.0,96.6,28,1
15218.0,5756.89,3329,11
15219.0,305.75,45,1
15220.0,1778.96,1393,6
15221.0,403.25,43,1
15222.0,585.0,440,1
15223.0,755.75,213,2
15224.0,322.08,152,2
15225.0,409.40000000000003,226,1
15226.0,154.41,71,1
15227.0,1219.4,750,5
15228.0,3386.71,2255,4
15230.0,429.6,351,2
15232.0,612.06,686,2
15234.0,197.0,196,1
15235.0,2247.51,1324,12
15236.0,321.05,269,1
15237.0,1412.32,1071,4
15238.0,1071.99,692,3
15239.0,780.59,594,2
15240.0,1706.57,1369,5
15241.0,1756.44,1818,8
15243.0,316.68,185,1
15244.0,631.57,405,2
15245.0,2515.84,1784,3
15246.0,514.15,247,2
15247.0,356.0,160,1
15249.0,6688.46,3577,13
15251.0,10484.99,6171,11
15252.0,740.78,522,2
15253.0,918.1999999999999,866,5
15254.0,300.36,275,1
15255.0,890.85,489,1
15256.0,98.45,55,1
15257.0,317.15,46,1
15258.0,623.16,142,2
15260.0,1810.77,885,7
15261.0,254.82,270,1
15262.0,178.95000000000002,73,1
15263.0,156.51,89,1
15264.0,393.74,265,1
15265.0,1506.1200000000001,612,2
15266.0,119.3,18,1
15267.0,1717.36,944,5
15269.0,408.8,26,1
15270.0,2379.49,1521,7
15271.0,2493.34,1251,15
15272.0,721.94,310,2
15274.0,716.57,619,2
15275.0,615.14,498,1
15276.0,128.63,61,1
15277.0,255.89999999999998,205,1
15279.0,290.51,189,1
15280.0,113.12,154,1
15281.0,2332.15,1211,9
15286.0,240.55,55,1
15287.0,486.69,433,2
15288.0,2306.52,775,5
15289.0,939.78,1008,3
15290.0,7943.22,4501,18
15291.0,4668.3,2103,15
15292.0,178.39,55,1
15296.0,3672.86,1766,6
15297.0,641.94,292,3
15298.0,4799.9,3116,12
15299.0,4507.01,2948,7
15300.0,496.44,292,1
15301.0,5049.95,2751,12
15303.0,574.02,248,1
15304.0,694.4000000000001,104,8
15306.0,1174.35,810,3
15307.0,205.3,37,1
15308.0,310.47,175,1
15311.0,60632.75,38147,91
15312.0,924.85,516,4
15313.0,52.0,25,1
15314.0,327.97,313,1
15315.0,570.5,862,2
15316.0,165.0,100,1
15318.0,312.62,642,1
15319.0,204.5,175,1
15320.0,267.13,326,1
15321.0,2748.31,1181,3
15322.0,679.68,416,1
15325.0,161.74,231,1
15326.0,311.71,386,1
15327.0,208.75,116,1
15329.0,1049.7,486,3
15330.0,714.96,1312,2
15332.0,1661.06,652,4
15333.0,1028.56,344,1
15334.0,350.82,273,3
15335.0,170.22,79,1
15339.0,574.07,416,2
15341.0,2020.52,812,1
15342.0,406.09,283,1
15343.0,364.5,84,1
15344.0,563.94,116,3
15345.0,393.54,81,1
15346.0,252.42000000000002,144,1
15347.0,201.60000000000002,130,1
15348.0,158.04,84,1
15349.0,463.90999999999997,321,2
15350.0,115.65,51,1
15351.0,1934.66,742,7
15353.0,770.12,341,2
15355.0,277.05,45,2
15356.0,2718.03,1643,10
15358.0,8347.2,7050,22
15360.0,427.93,223,1
15361.0,418.92,336,1
15363.0,326.0,144,1
15364.0,913.19,493,2
15365.0,2314.32,1084,7
15366.0,602.51,621,2
15367.0,1877.59,1057,4
15368.0,446.94000000000005,230,1
15370.0,2386.05,830,7
15372.0,2007.3999999999999,2924,1
15373.0,2415.91,500,12
15374.0,168.0,126,1
15376.0,1221.56,615,3
15379.0,3703.29,2305,7
15380.0,1690.2600000000002,376,5
15381.0,596.85,171,2
15382.0,5955.71,4012,6
15384.0,642.41,596,2
15385.0,316.88,161,1
15386.0,394.14,446,1
15388.0,140.54,88,1
15389.0,500.0,400,1
15392.0,1535.53,1277,4
15393.0,231.86,150,2
15394.0,2183.54,910,4
15395.0,107.45,17,1
15396.0,288.18,122,1
15397.0,94.0,20,1
15398.0,1345.53,769,2
15399.0,815.77,611,3
15400.0,716.2,390,5
15402.0,626.77,694,2
15405.0,349.1,193,1
15406.0,510.71000000000004,254,2
15407.0,1046.74,552,4
15408.0,267.18,106,1
15410.0,3450.84,1200,8
15411.0,1348.93,529,4
15412.0,190.53,108,1
15414.0,774.9000000000001,443,3
15415.0,559.61,551,1
15416.0,3984.32,2090,4
15417.0,508.8,284,1
15419.0,135.86,230,1
15421.0,950.36,500,4
15422.0,97.7,38,2
15423.0,43.5,101,1
15424.0,383.34,554,2
15426.0,1404.07,656,5
15427.0,1430.54,967,3
15428.0,93.78,102,1
15429.0,397.35,380,2
15432.0,171.19,65,1
15433.0,533.3,534,2
15434.0,1041.48,647,5
15435.0,149.29,54,1
15436.0,1067.75,574,3
15437.0,200.16,79,1
15438.0,156.57999999999998,59,1
15440.0,383.68,197,3
15442.0,594.0,120,1
15443.0,3213.59,1639,7
15444.0,1411.21,759,2
15445.0,113.5,58,1
15447.0,155.17,85,1
15448.0,494.64,232,1
15449.0,974.52,812,3
15450.0,429.84,376,1
15452.0,528.48,280,3
15453.0,1371.77,837,7
15454.0,179.1,86,1
15456.0,434.59000000000003,633,3
15457.0,237.07,132,1
15458.0,161.64,156,1
15460.0,214.26,107,1
15462.0,234.6,172,3
15463.0,126.14,106,1
15464.0,1044.65,348,1
15465.0,7354.62,1257,18
15466.0,334.53,246,1
15467.0,524.88,310,3
15468.0,467.51,155,2
15469.0,538.55,153,2
15471.0,454.48,256,1
15472.0,371.56,251,1
15473.0,1771.2,672,7
15475.0,454.10999999999996,319,1
15478.0,1399.92,575,2
15480.0,905.5,303,1
15482.0,10879.76,5004,12
15483.0,225.26,291,4
15484.0,3590.41,3150,4
15485.0,2564.5,1281,3
15488.0,91.32000000000001,73,1
15489.0,1134.28,608,3
15491.0,3100.09,1646,6
15492.0,659.4599999999999,483,2
15493.0,1953.41,551,5
15494.0,1280.58,1139,2
15497.0,1262.2,624,2
15498.0,13316.4,6105,27
15500.0,1131.56,572,4
15502.0,10384.93,4236,12
15503.0,141.04,70,1
15504.0,52.83,33,1
15505.0,3610.96,2390,5
15506.0,972.08,842,3
15507.0,475.86,160,1
15508.0,1000.27,440,6
15510.0,250.0,2,1
15511.0,900.53,269,5
15512.0,121.0,68,2
15513.0,14758.220000000001,5709,19
15514.0,4023.7200000000003,2098,11
15516.0,62.43,27,3
15517.0,267.03,293,1
15518.0,1921.55,1263,8
15520.0,343.5,314,1
15521.0,3000.2,1836,8
15522.0,397.99,572,2
15523.0,412.01000000000005,132,1
15524.0,440.0,4,1
15525.0,734.37,387,3
15526.0,148.44,24,2
15527.0,2428.53,991,8
15528.0,229.33,123,1
15529.0,3962.6,3455,11
15530.0,1497.31,938,4
15531.0,1972.39,1085,2
15532.0,1564.73,515,4
15533.0,807.57,289,3
15535.0,502.9,135,4
15537.0,110.92,29,1
15539.0,538.46,410,1
15540.0,213.3,200,1
15541.0,85.13000000000001,49,1
15543.0,127.86,86,1
15544.0,3546.71,3109,9
15545.0,288.96999999999997,162,2
15547.0,4910.6,3999,14
15549.0,1681.46,694,3
15550.0,575.63,295,4
15551.0,436.06,218,1
15552.0,90.12,60,1
15553.0,428.93,449,1
15554.0,217.2,74,1
15555.0,4794.86,4427,16
15556.0,279.77,236,1
15557.0,468.91,213,1
15561.0,800.59,267,4
15562.0,134.55,39,1
15563.0,1400.44,1501,4
15565.0,173.16,60,2
15567.0,186.01,223,1
15568.0,758.29,461,3
15569.0,1375.71,666,5
15570.0,4148.82,2063,12
15571.0,650.4300000000001,264,4
15572.0,2533.42,1213,7
15573.0,591.1899999999999,355,2
15574.0,675.64,332,4
15576.0,921.37,394,1
15577.0,258.88,89,3
15578.0,127.1,52,1
15579.0,327.6,117,2
15581.0,3675.77,284,13
15582.0,682.9100000000001,453,3
15584.0,720.86,313,4
15585.0,455.3,320,1
15587.0,913.6800000000001,312,4
15589.0,478.53000000000003,243,3
15592.0,388.58,354,1
15593.0,199.8,60,1
15594.0,1771.78,983,5
15596.0,1406.59,561,5
15597.0,324.57,279,1
15598.0,240.68,160,1
15599.0,761.74,718,2
15601.0,6776.56,4983,14
15602.0,1297.8700000000001,1141,9
15603.0,48.480000000000004,96,1
15604.0,216.39,159,1
15605.0,1198.23,441,5
15606.0,2920.16,892,9
15607.0,104.76,202,1
15608.0,1093.68,714,4
15609.0,298.48,148,1
15610.0,112.46000000000001,66,1
15611.0,1591.45,504,13
15612.0,195.15,52,2
15615.0,10399.74,5508,23
15618.0,776.851,454,4
15619.0,336.40000000000003,136,1
15620.0,1553.18,915,3
15621.0,1293.03,501,4
15622.0,3709.56,1674,9
15623.0,301.03,125,1
15624.0,588.13,357,4
15625.0,1534.26,1188,4
15626.0,675.8,766,2
15628.0,2870.2400000000002,1894,9
15630.0,1186.35,800,2
15632.0,3285.31,2109,8
15634.0,243.55,99,1
15636.0,724.76,284,2
15637.0,223.36,128,1
15639.0,425.32,323,1
15640.0,12416.11,6572,15
15641.0,1887.2,1562,4
15643.0,664.0,246,3
15644.0,803.54,550,4
15645.0,612.01,256,1
15646.0,447.64000000000004,394,3
15648.0,639.5,218,2
15649.0,816.0,192,2
15651.0,646.3,479,3
15652.0,337.74,208,1
15653.0,877.4399999999999,1200,2
15654.0,922.53,475,2
15655.0,560.67,324,1
15656.0,748.5,343,4
15657.0,30.0,24,1
15658.0,1024.1000000000001,242,5
15659.0,306.45,111,1
15660.0,1600.86,1050,9
15661.0,309.8,236,2
15663.0,138.14,106,1
15664.0,386.43,157,1
15665.0,2222.21,1654,2
15667.0,301.32,240,1
15668.0,76.32000000000001,72,1
15669.0,684.34,342,4
15670.0,173.05,91,1
15671.0,2657.13,1699,7
15673.0,2726.23,1451,4
15674.0,2446.6,1275,5
15675.0,323.69,527,3
15676.0,3435.76,2252,3
15677.0,657.23,319,1
15678.0,352.7,184,1
15679.0,781.28,1170,4
15680.0,1333.68,952,3
15681.0,1426.16,816,5
15683.0,193.75,131,1
15687.0,2993.1,1310,9
15689.0,254.1,84,2
15690.0,239.76,408,2
15691.0,136.8,72,1
15692.0,191.04,138,1
15694.0,6479.4,1677,14
15695.0,409.98,212,2
15696.0,2711.11,1015,8
15699.0,309.65,113,1
15700.0,696.68,357,2
15701.0,1529.0,912,4
15703.0,211.5,66,1
15704.0,2293.62,1028,4
15705.0,143.1,62,1
15706.0,1060.56,321,4
15707.0,916.98,594,4
15708.0,3235.25,1217,7
15709.0,133.25,121,1
15712.0,1072.3600000000001,486,5
15713.0,356.7,150,2
15714.0,330.03000000000003,186,2
15716.0,1101.1100000000001,738,4
15717.0,150.3,70,1
15719.0,5030.07,2718,13
15720.0,598.73,281,1
15721.0,471.40000000000003,388,1
15722.0,2211.21,1023,5
15723.0,190.7,73,1
15724.0,218.25,73,2
15725.0,415.25,221,1
15727.0,5159.06,3063,7
15729.0,85.0,28,1
15730.0,1120.88,689,3
15732.0,294.12,215,2
15733.0,162.3,62,1
15734.0,1339.45,346,2
15737.0,1188.1200000000001,597,8
15738.0,4812.42,2982,16
15739.0,449.12,472,1
15740.0,154.88,152,1
15743.0,775.96,214,4
15744.0,34.8,120,1
15745.0,1094.59,421,4
15746.0,196.88,178,1
15747.0,946.64,466,3
15748.0,144.36,50,1
15749.0,44534.3,18028,3
15750.0,2463.05,1783,8
15752.0,2626.6,1960,7
15753.0,79.2,144,1
15754.0,458.57,199,3
15755.0,2364.25,1427,6
15756.0,528.01,241,4
15757.0,714.42,491,2
15758.0,205.25,47,1
15759.0,253.04,60,3
15762.0,583.75,251,2
15763.0,1086.92,271,2
15764.0,3279.97,2050,6
15766.0,315.06,170,1
15768.0,621.8299999999999,244,3
15769.0,56252.72,29672,26
15773.0,635.6800000000001,311,1
15774.0,270.8,87,1
15775.0,104.9,68,1
15776.0,241.62,138,1
15777.0,1047.11,378,4
15780.0,475.28000000000003,220,3
15781.0,345.46,180,3
15782.0,2614.7400000000002,864,3
15783.0,246.3,212,1
15785.0,2328.9700000000003,1612,5
15786.0,4919.0,3340,3
15787.0,933.26,534,3
15789.0,351.3,438,1
15790.0,218.75,113,1
15791.0,1612.69,731,2
15793.0,965.61,553,3
15795.0,610.01,581,1
15796.0,2708.61,860,8
15797.0,2207.4,873,4
15799.0,884.14,955,3
15800.0,696.89,332,2
15801.0,1063.95,570,3
15802.0,451.42,1,1
15803.0,415.82000000000005,290,1
15804.0,4206.39,2567,13
15805.0,5488.18,3367,17
15806.0,784.58,602,3
15807.0,903.9,430,3
15808.0,3651.27,1305,4
15809.0,515.77,301,5
15810.0,1391.98,861,4
15811.0,2218.62,1071,6
15812.0,1801.14,922,5
15813.0,1303.9099999999999,603,2
15814.0,1945.33,1271,4
15815.0,2100.6,1856,5
15819.0,1905.45,1357,4
15820.0,206.98,128,1
15821.0,570.96,202,2
15822.0,885.47,375,2
15823.0,15.0,1,1
15825.0,532.94,220,1
15826.0,1654.31,963,3
15827.0,1836.0900000000001,882,14
15829.0,636.14,996,2
15830.0,576.0,415,1
15831.0,794.64,1092,3
15832.0,836.79,465,1
15834.0,2225.15,961,4
15835.0,954.09,439,4
15836.0,137.37,26,1
15837.0,391.98,189,1
15838.0,33643.08,18368,19
15839.0,1048.49,675,3
15840.0,355.56,396,2
15841.0,1224.06,942,4
15843.0,118.95000000000002,27,1
15844.0,130.73999999999998,134,1
15845.0,3711.77,1926,8
15847.0,389.27,449,2
15850.0,234.88,298,2
15852.0,160.71,48,2
15853.0,110.8,135,1
15854.0,2969.12,926,12
15855.0,712.24,470,5
15856.0,16143.64,10866,27
15857.0,297.0,308,1
15858.0,1427.57,1163,5
15860.0,965.16,437,8
15861.0,3146.92,2528,8
15862.0,832.88,585,4
15863.0,68.84,19,2
15864.0,1936.3200000000002,1192,6
15865.0,895.13,368,3
15866.0,211.89,124,1
15867.0,3810.14,2052,15
15869.0,149.64,175,2
15870.0,351.44,333,1
15872.0,316.25,187,2
15874.0,4405.88,2534,7
15877.0,490.33,368,2
15880.0,329.03000000000003,202,1
15881.0,501.39000000000004,260,5
15882.0,516.36,276,4
15883.0,396.48,223,2
15885.0,379.35,111,3
15886.0,181.09,147,1
15888.0,168.31,76,1
15889.0,420.07,206,2
15891.0,511.68,418,1
15894.0,258.25,164,2
15895.0,179.17,94,1
15897.0,208.59,223,2
15898.0,1383.83,567,5
15899.0,56.25,39,1
15900.0,337.28,216,1
15901.0,351.73,379,3
15903.0,5126.76,2410,7
15904.0,164.68,84,1
15906.0,1567.69,544,7
15907.0,882.72,478,3
15909.0,191.94,98,1
15910.0,1228.88,1013,8
15912.0,264.62,185,2
15916.0,1502.8600000000001,752,8
15917.0,123.1,42,1
15918.0,334.23,153,2
15919.0,525.69,385,2
15920.0,167.5,99,4
15921.0,323.03000000000003,162,1
15922.0,369.5,138,1
15923.0,127.08,122,1
15925.0,207.15,93,1
15930.0,426.63,139,1
15932.0,2495.87,2325,8
15933.0,1107.46,885,3
15935.0,416.86,115,2
15937.0,145.35,73,1
15938.0,404.58,240,5
15939.0,6115.01,4728,15
15940.0,35.8,4,1
15942.0,337.44,232,1
15944.0,325.1,50,1
15945.0,181.0,52,1
15947.0,1708.24,898,1
15948.0,955.24,567,2
15949.0,364.72,284,2
15950.0,1744.71,719,4
15951.0,708.22,313,2
15952.0,781.91,391,4
15953.0,1657.28,891,8
15955.0,4416.26,2135,14
15957.0,428.89,211,1
15958.0,104.35,33,1
15963.0,470.76,298,2
15965.0,808.87,434,4
15967.0,397.68,205,2
15969.0,666.1,124,3
15970.0,314.1,116,1
15971.0,4199.85,1717,12
15973.0,307.82000000000005,106,1
15974.0,3442.15,2262,7
15975.0,371.01,243,1
15976.0,427.64,275,2
15977.0,1054.73,1016,2
15978.0,1098.78,888,1
15980.0,2398.86,1560,3
15981.0,3408.48,1866,8
15983.0,1465.12,886,4
15984.0,2780.63,1815,10
15985.0,1142.42,1086,2
15986.0,168.12,268,1
15987.0,1432.77,1533,7
15988.0,156.78,180,1
15990.0,792.11,443,2
15992.0,41.989999999999995,17,1
15993.0,2777.67,2037,7
15994.0,414.27,173,1
15996.0,1032.58,380,6
15998.0,3080.22,2032,5
16000.0,12393.7,5110,3
16003.0,2735.37,1185,5
16005.0,578.71,280,4
16006.0,101.4,84,1
16007.0,1693.81,1388,4
16008.0,478.78,323,3
16009.0,972.11,366,4
16010.0,392.4,202,3
16011.0,3352.96,2035,16
16012.0,1415.29,799,3
16013.0,37130.6,15536,47
16014.0,646.83,258,3
16015.0,704.55,907,3
16016.0,1465.51,602,8
16017.0,211.88,102,1
16018.0,408.90000000000003,190,2
16019.0,3786.2400000000002,1733,9
16020.0,851.01,487,3
16022.0,602.63,255,1
16023.0,719.81,358,3
16024.0,251.03,397,1
16025.0,439.65999999999997,338,1
16026.0,236.09,243,1
16027.0,934.62,1147,6
16029.0,80850.84,40108,63
16030.0,331.24,283,1
16031.0,547.9,421,2
16033.0,8778.82,3529,20
16034.0,437.7,242,3
16036.0,758.92,716,2
16037.0,855.02,428,3
16038.0,471.78000000000003,244,3
16040.0,1313.55,684,3
16041.0,3166.4,1584,3
16042.0,1177.47,743,5
16043.0,773.99,503,4
16045.0,1340.7,897,4
16048.0,256.44,144,2
16049.0,1074.81,763,3
16050.0,137.9,278,1
16052.0,362.06,282,1
16053.0,1511.95,1793,2
16054.0,783.9,380,1
16055.0,134.8,22,1
16056.0,650.75,345,1
16057.0,2263.12,863,7
16059.0,1453.16,641,6
16062.0,1153.62,800,4
16063.0,335.32,262,1
16065.0,367.14,228,1
16066.0,1521.04,935,5
16070.0,852.15,457,2
16071.0,326.24,180,1
16072.0,584.3199999999999,140,1
16073.0,122.39999999999999,48,1
16076.0,2234.73,1435,10
16078.0,79.2,16,1
16079.0,1352.0,864,3
16080.0,217.16,128,2
16081.0,2799.42,1473,5
16083.0,1317.62,908,2
16084.0,436.18,216,1
16085.0,981.51,636,5
16086.0,1121.39,511,5
16091.0,315.06,154,2
16092.0,817.86,628,3
16093.0,17.0,20,1
16094.0,1078.23,647,4
16096.0,320.62,155,1
16097.0,185.04999999999998,87,1
16098.0,2005.63,613,7
16099.0,731.9,434,3
16101.0,1290.7,757,1
16102.0,1842.14,942,3
16103.0,1429.64,558,6
16104.0,298.21,122,1
16105.0,336.96,330,1
16106.0,108.38,74,1
16107.0,3204.1600000000003,1176,7
16108.0,842.5,615,1
16109.0,611.88,612,2
16110.0,1320.95,720,3
16112.0,195.73999999999998,574,4
16113.0,161.38,176,1
16114.0,135.75000000000003,43,1
16115.0,1660.8799999999999,994,8
16116.0,612.78,248,1
16117.0,232.21,130,1
16119.0,423.36,240,2
16120.0,1309.14,878,4
16121.0,854.66,576,2
16122.0,684.4200000000001,1128,4
16123.0,307.78,170,1
16124.0,249.0,48,1
16125.0,289.35,124,1
16126.0,6287.77,2125,4
16127.0,656.25,323,1
16128.0,1880.22,988,5
16131.0,3506.54,1802,6
16133.0,14589.04,8888,33
16134.0,618.09,371,2
16135.0,517.55,209,1
16136.0,709.38,440,3
16139.0,635.41,330,3
16140.0,725.18,730,2
16141.0,620.4,238,1
16142.0,535.34,422,1
16143.0,2424.94,919,6
16144.0,175.2,16,1
16145.0,3799.4900000000002,3123,11
16146.0,734.13,427,3
16147.0,375.0,246,1
16148.0,76.32000000000001,72,1
16149.0,280.52,308,2
16150.0,2053.02,1047,5
16152.0,1829.04,642,1
16153.0,1824.23,1073,5
16156.0,3092.04,1273,9
16157.0,656.69,347,3
16159.0,348.2,236,1
16160.0,1025.44,1162,2
16161.0,5533.67,2583,19
16162.0,37.4,4,1
16163.0,856.6,192,2
16164.0,822.48,433,3
16168.0,3787.6,1892,27
16169.0,1822.97,1325,4
16170.0,1885.05,1770,6
16171.0,73.2,24,1
16172.0,1140.21,787,5
16173.0,1418.32,575,6
16174.0,1009.5500000000001,651,3
16175.0,1037.59,533,4
16177.0,331.95,95,1
16178.0,197.9,94,1
16179.0,215.83,99,1
16180.0,10254.18,5867,8
16181.0,305.54,152,1
16182.0,6617.65,3791,4
16183.0,338.71000000000004,113,1
16184.0,1158.79,561,6
16185.0,529.41,260,2
16186.0,4006.94,3020,12
16187.0,6911.4400000000005,5048,15
16188.0,981.86,782,4
16189.0,215.48,134,2
16190.0,215.08,88,1
16191.0,5180.52,3351,13
16193.0,314.45,219,1
16198.0,400.68100000000004,129,1
16200.0,1068.8700000000001,516,2
16201.0,1863.47,1286,4
16202.0,365.27,191,1
16203.0,592.9,262,4
16204.0,384.18,218,1
16205.0,757.63,516,4
16206.0,537.0600000000001,272,4
16207.0,394.38,140,1
16208.0,664.26,333,2
16209.0,2262.62,1179,5
16210.0,21086.3,7559,18
16211.0,547.02,154,1
16212.0,690.34,244,2
16213.0,159.0,48,1
16214.0,1062.75,420,3
16215.0,242.35,104,1
16216.0,914.9300000000001,254,1
16217.0,304.25,91,2
16218.0,3084.68,2088,7
16221.0,860.86,714,3
16222.0,773.5500000000001,325,1
16224.0,1295.3,1116,4
16225.0,1096.32,493,5
16226.0,255.12,192,3
16227.0,314.22,90,1
16229.0,1010.6,318,2
16230.0,542.03,365,2
16232.0,990.88,550,4
16233.0,536.6800000000001,174,3
16235.0,867.31,330,5
16236.0,432.2,184,1
16239.0,414.2,228,2
16240.0,3718.8,1641,2
16241.0,2590.31,1443,13
16242.0,3579.86,1969,7
16243.0,409.1,110,2
16244.0,1522.75,855,2
16245.0,1413.66,1014,3
16247.0,114.56,182,1
16248.0,152.94,78,1
16249.0,1800.07,950,5
16250.0,389.44,208,2
16253.0,3683.86,3233,2
16255.0,2619.91,1767,8
16256.0,752.4300000000001,581,1
16257.0,46.95,2,1
16258.0,5203.51,2994,5
16260.0,1035.45,311,1
16261.0,728.54,301,4
16265.0,5447.0,2646,9
16266.0,861.89,398,7
16268.0,667.65,533,2
16270.0,1141.24,688,1
16271.0,1404.64,1024,5
16272.0,411.7,224,1
16274.0,351.75,153,1
16275.0,559.87,336,1
16276.0,810.6000000000001,420,1
16278.0,566.38,114,1
16279.0,1502.78,1046,3
16281.0,2062.06,934,1
16282.0,168.3,114,1
16283.0,1570.81,1236,5
16284.0,812.68,535,2
16287.0,142.5,298,1
16292.0,302.25,191,1
16293.0,2248.9900000000002,982,10
16295.0,1328.55,841,4
16297.0,301.9,206,1
16298.0,598.2,198,3
16302.0,233.22,158,1
16303.0,5360.63,2659,3
16305.0,361.21999999999997,256,1
16306.0,632.27,487,6
16308.0,2560.0,8000,4
16309.0,706.57,467,2
16311.0,616.26,394,2
16313.0,274.15000000000003,165,2
16315.0,226.37,75,1
16316.0,2938.91,1484,8
16317.0,1341.65,890,3
16318.0,328.15,199,1
16319.0,404.40000000000003,72,1
16320.0,1038.46,732,2
16321.0,373.65000000000003,135,5
16322.0,326.75,231,2
16323.0,207.50000000000003,50,1
16324.0,408.59000000000003,270,3
16325.0,594.24,194,3
16326.0,3039.2200000000003,682,14
16327.0,3820.27,2560,6
16330.0,251.91,147,3
16332.0,1582.8,797,7
16333.0,26626.8,32184,22
16337.0,151.05,87,1
16338.0,214.79999999999998,94,1
16339.0,94.05,21,1
16340.0,534.31,486,1
16341.0,1971.87,1398,4
16342.0,322.41,157,4
16343.0,328.58,175,2
16344.0,101.10000000000001,18,1
16345.0,565.46,288,1
16347.0,847.45,341,2
16348.0,1415.65,805,7
16349.0,53.5,9,1
16350.0,1116.47,545,4
16351.0,153.9,90,1
16352.0,494.44,300,2
16353.0,6675.71,2006,23
16354.0,395.8,150,2
16356.0,211.77,93,3
16357.0,658.88,246,3
16358.0,2027.5,1302,4
16359.0,1750.92,1183,9
16360.0,3450.41,2110,6
16361.0,891.21,418,4
16362.0,709.99,340,5
16363.0,109.36000000000001,52,1
16364.0,705.79,279,2
16365.0,1540.42,504,9
16366.0,327.3,256,1
16367.0,800.67,643,2
16368.0,479.91,251,2
16369.0,1545.41,1030,3
16370.0,1301.91,640,4
16372.0,355.73,158,2
16374.0,466.73,237,2
16376.0,974.96,691,2
16377.0,676.2,1500,1
16378.0,362.95,267,3
16379.0,2157.4,1410,4
16380.0,1743.1499999999999,1428,1
16383.0,643.76,467,2
16384.0,584.5,260,2
16385.0,554.86,258,3
16386.0,302.57,205,2
16387.0,94.36,44,1
16389.0,1382.07,1242,4
16392.0,217.89,201,1
16393.0,3040.96,1573,13
16394.0,1555.34,2604,5
16395.0,1482.06,1472,5
16398.0,1705.8,758,2
16399.0,408.02,263,2
16400.0,303.93,172,1
16401.0,4098.32,3882,12
16402.0,293.45,146,2
16403.0,177.5,114,1
16404.0,443.05,157,1
16405.0,167.25,187,2
16406.0,154.35,117,1
16407.0,2079.68,1093,10
16409.0,2022.98,1304,5
16411.0,211.7,131,2
16412.0,135.99,63,1
16413.0,262.2,148,1
16414.0,126.25,27,2
16415.0,200.27,178,1
16416.0,1051.4,672,3
16418.0,631.12,280,3
16419.0,958.71,428,6
16422.0,34684.4,33704,51
16423.0,346.12,230,1
16424.0,133.56,88,1
16425.0,302.7,199,1
16426.0,1863.76,1215,10
16427.0,241.06,156,2
16429.0,284.55,9,1
16430.0,300.85,103,1
16431.0,623.28,442,3
16432.0,287.4,276,1
16433.0,184.26,106,1
16434.0,1511.8,760,7
16438.0,798.35,463,5
16440.0,3640.67,2018,5
16441.0,381.2,173,2
16442.0,609.3,443,3
16444.0,654.67,407,4
16445.0,230.51,111,1
16446.0,168472.5,80997,2
16447.0,255.91,221,1
16448.0,182.99,76,1
16449.0,707.69,367,2
16450.0,311.92,200,1
16451.0,266.97,120,1
16454.0,6.9,3,2
16455.0,1841.18,988,7
16456.0,2158.18,1147,5
16457.0,208.36,140,1
16458.0,3482.7400000000002,2154,18
16460.0,811.23,876,3
16461.0,142.92,48,1
16462.0,136.0,16,3
16463.0,1422.4,1163,4
16464.0,1298.66,952,3
16466.0,1595.96,785,7
16468.0,74.9,31,1
16469.0,625.42,260,4
16470.0,752.77,522,4
16471.0,223.95000000000002,141,1
16473.0,316.11,196,3
16474.0,1810.65,909,7
16475.0,544.3,319,4
16477.0,2494.46,1415,7
16478.0,331.0,224,3
16479.0,300.83,102,2
16480.0,769.29,455,1
16482.0,220.62,346,1
16483.0,139.35,44,1
16484.0,404.3,200,2
16485.0,363.65,235,1
16488.0,498.8,728,3
16491.0,731.5,478,1
16493.0,1351.63,1164,4
16494.0,826.53,675,1
16495.0,648.26,328,3
16496.0,1599.52,1111,3
16497.0,2965.69,1396,6
16498.0,100.97,45,2
16499.0,365.45,127,2
16500.0,400.86,123,6
16503.0,1431.93,569,4
16504.0,465.88,510,1
16505.0,777.6,576,1
16506.0,90.30000000000001,42,2
16509.0,363.7,64,1
16510.0,248.1,92,1
16511.0,918.33,405,3
16513.0,874.59,407,4
16515.0,1624.14,826,5
16516.0,101.69999999999999,58,1
16517.0,162.7,96,1
16518.0,484.32,327,2
16519.0,215.07999999999998,54,2
16520.0,1046.57,558,3
16523.0,9418.470000000001,4265,21
16525.0,13027.45,7397,26
16526.0,290.36,106,1
16527.0,228.06,106,1
16528.0,244.41,171,1
16529.0,455.25,198,1
16531.0,1244.59,915,7
16532.0,6748.8,2016,3
16533.0,1082.81,611,3
16535.0,593.75,356,1
16536.0,548.12,250,1
16539.0,1388.81,477,4
16542.0,119.62,46,1
16545.0,339.3,78,1
16546.0,787.15,549,2
16549.0,4034.9,2294,10
16550.0,2298.97,1540,5
16551.0,922.12,970,3
16552.0,379.73,219,2
16553.0,5719.82,4600,12
16554.0,837.1,402,3
16555.0,285.89,175,2
16556.0,3313.79,1890,7
16557.0,281.85,111,2
16558.0,8338.49,5377,20
16560.0,841.41,504,2
16561.0,511.12,244,2
16563.0,1077.74,486,1
16565.0,173.7,46,1
16566.0,614.66,362,5
16567.0,865.6,996,2
16569.0,124.2,93,1
16570.0,3738.4,2112,10
16571.0,1421.69,1239,3
16572.0,1009.6,532,3
16573.0,663.61,360,2
16574.0,451.44,416,1
16581.0,105.84,134,1
16582.0,313.62,164,1
16583.0,233.45,111,1
16584.0,936.08,646,2
16586.0,463.95,95,1
16587.0,225.15,71,1
16589.0,459.24,368,3
16591.0,213.5,41,1
16592.0,4113.68,2927,16
16593.0,330.03,116,3
16594.0,181.09,64,1
16595.0,360.16,335,1
16596.0,250.15,97,2
16597.0,90.04,184,1
16598.0,145.04999999999998,73,1
16600.0,813.52,1145,6
16601.0,242.7,133,1
16602.0,528.08,336,1
16603.0,482.47,480,2
16607.0,3347.71,2859,14
16609.0,5493.46,2420,7
16610.0,75.66,66,1
16611.0,129.49,47,1
16612.0,1187.66,506,4
16613.0,618.59,293,1
16614.0,506.19,223,1
16616.0,500.42,370,2
16617.0,151.85,91,1
16618.0,2647.59,1363,5
16619.0,226.21,133,1
16620.0,178.96,88,2
16621.0,813.48,302,4
16623.0,129.45,39,1
16624.0,810.5699999999999,488,2
16625.0,333.08,164,1
16626.0,4413.1,2690,17
16627.0,322.8,162,1
16628.0,2188.05,1205,5
16629.0,408.63,489,2
16633.0,2883.1,1138,6
16634.0,217.9,82,2
16637.0,1154.47,927,4
16638.0,1680.72,1255,10
16639.0,1257.51,510,3
16641.0,231.10000000000002,256,1
16642.0,688.33,479,2
16643.0,487.51,269,1
16644.0,833.78,826,2
16647.0,214.06,146,2
16648.0,290.65999999999997,281,1
16650.0,518.42,372,1
16652.0,6773.97,3283,7
16653.0,1212.66,733,2
16654.0,601.27,282,4
16655.0,3789.52,2363,6
16656.0,8625.8,8894,15
16657.0,874.43,1130,4
16658.0,123.24,40,1
16659.0,39.12,72,1
16660.0,1267.6499999999999,571,4
16665.0,135.39999999999998,59,1
16666.0,118.98,233,1
16667.0,567.1800000000001,236,2
16668.0,306.71999999999997,318,6
16669.0,1348.88,881,3
16670.0,4095.9,2556,11
16671.0,1692.27,875,3
16672.0,8134.9400000000005,2832,20
16674.0,304.24,181,2
16676.0,1592.1200000000001,636,4
16678.0,3109.99,2397,12
16679.0,129.75,29,1
16680.0,183.7,94,1
16681.0,1770.34,1407,6
16682.0,1028.0,1040,5
16684.0,66653.56,50255,28
16685.0,324.24,396,2
16686.0,2959.88,1977,7
16688.0,1260.86,804,4
16689.0,422.59999999999997,330,2
16690.0,225.57999999999998,138,2
16692.0,1276.0,152,2
16693.0,477.86,203,2
16696.0,657.9000000000001,146,4
16697.0,112.75,27,1
16698.0,1998.0,840,2
16700.0,5076.55,4024,13
16701.0,5398.3,6393,13
16705.0,14034.99,5476,20
16706.0,531.35,249,3
16708.0,656.63,285,1
16709.0,3029.87,851,5
16710.0,2467.99,1823,10
16711.0,1651.03,833,5
16712.0,3611.31,1730,11
16713.0,6910.78,4271,15
16714.0,1129.06,589,3
16715.0,301.71999999999997,642,1
16716.0,901.2,120,2
16717.0,3843.08,1860,6
16718.0,606.0500000000001,407,1
16719.0,1770.22,1175,7
16720.0,152.95,180,1
16721.0,292.47,172,1
16722.0,4730.81,5001,13
16723.0,576.4,398,2
16725.0,758.27,288,7
16726.0,1358.74,945,5
16727.0,256.32,167,1
16728.0,1048.28,671,4
16729.0,7205.33,5722,21
16730.0,743.11,994,3
16732.0,603.75,317,1
16734.0,646.76,345,3
16735.0,2247.41,1532,5
16737.0,417.59999999999997,288,1
16738.0,3.75,3,1
16739.0,323.0,172,1
16742.0,464.9,1,1
16743.0,2213.13,2035,7
16744.0,1291.91,798,7
16745.0,7180.7,6719,17
16746.0,6680.11,4660,18
16747.0,836.06,583,2
16748.0,1515.9,880,5
16750.0,623.93,214,5
16751.0,1764.72,1031,1
16752.0,207.5,54,1
16753.0,223.92000000000002,189,1
16754.0,2002.4,4280,1
16755.0,1475.43,1058,3
16756.0,239.4,106,1
16757.0,106.83000000000001,81,1
16758.0,369.34000000000003,203,1
16759.0,789.79,609,3
16761.0,316.62,341,1
16762.0,1207.24,480,3
16763.0,611.85,319,1
16764.0,2790.9500000000003,1253,13
16765.0,34.0,4,1
16766.0,1145.6,536,2
16767.0,5575.56,4423,11
16768.0,478.09000000000003,196,3
16769.0,361.54,80,1
16770.0,757.1,456,5
16771.0,2242.61,1487,5
16773.0,171.59,171,1
16774.0,661.52,322,4
16775.0,1691.51,439,11
16776.0,371.54,254,1
16777.0,222.62,62,2
16778.0,245.94,194,2
16779.0,10611.720000000001,5301,22
16780.0,422.24,270,2
16781.0,311.25,113,1
16782.0,2267.9500000000003,705,13
16784.0,107.6,24,1
16788.0,594.39,304,2
16789.0,80.8,32,1
16790.0,1545.6200000000001,898,6
16791.0,1705.78,757,7
16792.0,110.38000000000001,44,2
16793.0,243.84,146,1
16794.0,1196.5,923,10
16795.0,414.88,239,1
16796.0,305.62,186,1
16800.0,1162.65,524,1
16801.0,1594.23,493,4
16803.0,332.3,245,1
16804.0,536.99,246,3
16805.0,460.59,539,2
16806.0,762.16,356,4
16807.0,1121.59,778,3
16808.0,288.42,196,2
16809.0,914.69,652,5
16810.0,309.54,114,1
16811.0,547.07,477,2
16812.0,479.35,81,1
16813.0,1652.18,1501,10
16814.0,6416.7,2697,21
16816.0,417.06,274,4
16817.0,1604.75,822,9
16818.0,3349.57,2165,11
16820.0,497.61,307,1
16823.0,358.38,136,1
16824.0,460.64,236,2
16825.0,775.1800000000001,566,2
16826.0,341.7,158,1
16828.0,128.5,59,2
16829.0,197.22,99,1
16830.0,325.91,264,1
16832.0,199.15,33,3
16833.0,1106.53,440,4
16834.0,413.46,358,1
16835.0,180.85,61,2
16836.0,251.87,165,2
16837.0,3170.98,1563,11
16838.0,588.85,185,2
16839.0,16594.35,8975,34
16841.0,1869.82,2250,6
16842.0,1264.19,693,3
16843.0,10196.57,10159,16
16846.0,214.32,135,1
16847.0,193.44,78,1
16848.0,281.42,182,1
16849.0,124.57,33,1
16850.0,332.41,249,1
16851.0,342.45,271,3
16852.0,144.91000000000003,56,2
16855.0,328.4,164,2
16856.0,35.400000000000006,12,1
16858.0,375.69000000000005,91,1
16859.0,747.81,827,2
16861.0,173.76,140,2
16863.0,502.8,409,2
16866.0,207.73999999999998,60,3
16869.0,817.12,583,4
16871.0,2812.34,1253,6
16872.0,680.02,600,3
16873.0,7123.62,3840,6
16875.0,2095.53,1069,5
16877.0,846.62,458,6
16878.0,13.3,12,1
16880.0,1491.43,746,7
16881.0,432.0,600,1
16882.0,705.12,424,3
16883.0,272.48,103,2
16884.0,429.84000000000003,320,2
16885.0,450.41,178,3
16887.0,192.32999999999998,156,1
16889.0,1578.67,925,3
16891.0,742.43,265,5
16892.0,518.19,236,5
16893.0,145.93,62,1
16895.0,202.27,91,1
16897.0,289.78,73,2
16898.0,501.03,412,3
16899.0,1271.06,520,6
16900.0,887.11,833,3
16902.0,1706.88,629,1
16903.0,363.2,247,1
16904.0,3653.75,1984,16
16905.0,3037.6,1381,7
16906.0,559.59,263,4
16907.0,928.76,286,5
16909.0,379.14,436,1
16910.0,1508.96,884,8
16912.0,2555.58,1025,11
16913.0,113.44,82,1
16914.0,183.76,112,1
16915.0,621.6800000000001,132,6
16916.0,562.41,431,2
16917.0,391.52,232,1
16918.0,1068.82,721,6
16919.0,2592.25,1403,11
16921.0,154.18,154,1
16923.0,7069.08,3344,19
16924.0,829.89,467,3
16926.0,230.25,35,1
16927.0,543.05,993,3
16928.0,2814.7,2092,17
16929.0,1295.39,929,7
16930.0,378.89,339,3
16931.0,4554.87,3134,21
16932.0,150.23000000000002,82,1
16933.0,563.23,288,2
16934.0,931.03,397,2
16936.0,261.9,171,1
16938.0,2711.6800000000003,2533,4
16940.0,3049.88,2169,3
16942.0,1904.99,805,9
16943.0,816.73,145,3
16945.0,4345.5,2725,19
16947.0,406.48,312,1
16948.0,435.02,1614,3
16949.0,1286.27,791,6
16950.0,1178.56,644,3
16951.0,1277.75,1318,3
16952.0,167.61,92,2
16953.0,20.8,10,1
16954.0,2085.08,1054,9
16955.0,518.67,266,4
16956.0,308.74,114,1
16957.0,416.64,172,2
16959.0,117.35000000000001,49,1
16960.0,507.05,304,3
16961.0,234.17,125,1
16963.0,110.55000000000001,35,1
16965.0,201.19,291,1
16966.0,2154.97,1981,7
16967.0,319.02,333,1
16968.0,439.43,326,2
16969.0,650.41,816,3
16971.0,357.21,72,1
16976.0,251.51999999999998,88,1
16978.0,344.33,166,1
16979.0,1852.0,865,6
16980.0,1028.46,739,2
16982.0,384.06,182,1
16983.0,1905.87,1335,7
16984.0,4459.52,2380,2
16985.0,5464.12,1832,10
16986.0,1873.2,1040,2
16987.0,1616.8,401,7
16988.0,126.12,43,1
16989.0,1133.25,1233,6
16990.0,179.0,100,1
16992.0,1614.31,860,5
16996.0,1456.96,544,6
16997.0,702.0,360,3
16998.0,295.0,76,4
16999.0,484.82,294,2
17001.0,3989.57,2164,11
17002.0,1493.73,679,3
17004.0,1312.1399999999999,771,2
17006.0,781.78,272,4
17007.0,889.9300000000001,597,6
17010.0,195.36,118,1
17011.0,270.9,186,1
17014.0,583.4300000000001,243,3
17015.0,1838.6100000000001,1978,3
17017.0,8694.26,6673,20
17018.0,920.1,176,2
17019.0,1258.08,820,4
17022.0,71.0,108,1
17024.0,95.85,69,3
17025.0,357.77,235,3
17026.0,154.82999999999998,97,2
17027.0,877.5600000000001,416,6
17029.0,716.0,400,2
17030.0,146.87,146,1
17031.0,380.35,235,2
17033.0,1030.14,750,3
17034.0,745.52,410,3
17035.0,433.53000000000003,229,2
17037.0,1267.32,656,1
17038.0,112.4,28,1
17040.0,449.73,181,1
17041.0,1071.49,927,3
17042.0,1036.58,990,5
17043.0,1735.18,998,4
17044.0,948.48,504,1
17045.0,339.44,106,3
17046.0,642.02,510,1
17047.0,1100.9,533,3
17048.0,925.35,485,3
17049.0,5655.03,2673,9
17050.0,3185.64,1595,6
17051.0,240.89000000000001,179,1
17052.0,399.09,251,1
17053.0,498.48,122,1
17054.0,1356.33,804,5
17058.0,1179.89,592,3
17059.0,3080.39,1850,5
17060.0,234.24,216,1
17061.0,5232.2300000000005,1526,11
17062.0,533.33,418,4
17063.0,1461.14,770,7
17064.0,855.45,316,3
17068.0,4552.14,2164,21
17069.0,2709.7000000000003,1506,9
17070.0,304.24,131,1
17071.0,2429.03,1197,9
17073.0,1446.09,759,4
17075.0,834.12,292,4
17076.0,841.0799999999999,295,3
17078.0,378.2,788,2
17079.0,118.80000000000001,24,1
17080.0,287.62,166,2
17081.0,288.91,77,2
17082.0,2003.85,1049,2
17083.0,1405.78,772,3
17084.0,2747.9900000000002,1702,2
17085.0,1562.4,785,5
17086.0,2050.08,1859,6
17088.0,1991.01,868,4
17090.0,1974.65,903,7
17091.0,3827.76,1746,9
17092.0,1774.03,1130,4
17094.0,302.0,152,1
17095.0,1324.16,618,3
17096.0,1022.13,339,4
17097.0,954.42,459,8
17100.0,971.74,800,2
17101.0,1621.73,815,4
17102.0,25.5,2,1
17105.0,665.78,693,2
17107.0,10797.48,4826,6
17109.0,881.29,588,6
17110.0,163.29999999999998,50,1
17111.0,231.61,282,1
17114.0,801.12,215,8
17115.0,837.5,372,3
17117.0,116.19999999999999,68,1
17118.0,157.02,154,1
17119.0,606.91,334,2
17120.0,307.46,120,1
17122.0,138.32,80,1
17123.0,345.29999999999995,246,1
17124.0,294.24,129,1
17125.0,230.5,281,1
17126.0,989.45,780,5
17128.0,157.09,76,1
17131.0,2463.17,983,5
17133.0,4892.240000000001,2730,7
17134.0,413.2,98,2
17135.0,1139.73,1224,7
17138.0,380.5,126,1
17139.0,10650.77,5176,12
17140.0,454.12,296,1
17142.0,579.0,81,1
17144.0,984.57,483,2
17146.0,749.78,212,3
17147.0,1714.59,882,4
17148.0,124.88,82,1
17152.0,1689.5,517,3
17153.0,213.78,104,1
17154.0,329.34,490,1
17155.0,251.70000000000002,242,2
17157.0,319.0,172,2
17158.0,1266.97,778,3
17159.0,1538.88,1111,3
17160.0,3518.03,2856,6
17162.0,1715.46,1001,10
17163.0,293.1,66,2
17164.0,2467.35,1501,7
17165.0,158.68,100,1
17166.0,206.34,78,2
17169.0,835.78,526,2
17171.0,224.91,185,1
17172.0,317.76,480,1
17173.0,3766.6,1122,8
17174.0,59.9,41,1
17175.0,1443.69,866,4
17176.0,306.13,170,1
17179.0,711.79,290,3
17180.0,783.97,670,4
17181.0,239.92000000000002,241,2
17183.0,3347.31,1296,6
17186.0,144.0,200,2
17187.0,203.95,144,1
17188.0,2474.23,1328,7
17189.0,383.75,226,2
17190.0,444.74,161,2
17191.0,2093.68,1166,7
17193.0,1699.3000000000002,1254,7
17194.0,262.62,119,2
17197.0,1013.01,191,1
17198.0,692.22,357,3
17201.0,289.78,231,1
17203.0,3560.08,2846,6
17204.0,1564.56,646,4
17205.0,384.08,884,1
17206.0,204.24,76,1
17211.0,2317.2200000000003,1323,8
17212.0,226.85,147,1
17213.0,2781.23,1176,7
17214.0,1059.1200000000001,272,6
17217.0,113.5,24,1
17218.0,1951.97,955,10
17219.0,114.23,89,1
17220.0,3187.55,1897,14
17221.0,334.48,287,2
17222.0,328.65,122,1
17223.0,416.89,110,2
17226.0,393.49,406,1
17227.0,939.32,741,6
17228.0,1906.09,1532,8
17229.0,318.76,185,2
17230.0,3638.41,1651,8
17231.0,3124.72,1724,10
17232.0,417.77,202,2
17233.0,190.88,131,1
17234.0,149.89000000000001,55,1
17235.0,550.06,224,2
17236.0,916.13,474,6
17237.0,314.69,105,2
17238.0,3719.1,1807,17
17239.0,382.5,150,1
17242.0,1135.04,611,2
17243.0,8540.05,3320,26
17244.0,954.9,616,1
17245.0,171.45,75,1
17247.0,280.09000000000003,105,1
17248.0,318.65,213,1
17250.0,381.97,167,2
17251.0,269.83,108,1
17252.0,348.91,192,2
17253.0,178.26,43,1
17254.0,271.19,251,2
17255.0,291.48,227,2
17256.0,240.0,141,2
17259.0,581.23,388,2
17262.0,1253.3600000000001,367,5
17263.0,63.440000000000005,36,1
17265.0,550.01,389,2
17266.0,296.58,153,3
17267.0,317.2,158,2
17268.0,763.64,844,4
17272.0,2148.63,1778,4
17274.0,107.82,77,1
17277.0,1065.3500000000001,430,2
17278.0,246.04,179,1
17279.0,187.82999999999998,48,1
17282.0,1685.46,1866,3
17284.0,1647.48,1362,6
17286.0,151.37,117,1
17287.0,1049.06,556,7
17288.0,1417.63,1201,7
17289.0,931.02,513,3
17290.0,513.01,397,2
17291.0,550.8000000000001,72,1
17293.0,1854.06,1135,9
17295.0,547.0,293,3
17297.0,128.18,65,1
17298.0,498.42,387,2
17299.0,656.61,668,4
17301.0,163.24,137,1
17302.0,1135.63,575,5
17303.0,250.04,144,1
17306.0,8631.31,11491,19
17309.0,82.75,41,1
17311.0,1384.85,1005,2
17312.0,644.3,372,3
17313.0,2328.84,1402,1
17314.0,2527.92,1896,8
17315.0,6281.23,3863,38
17317.0,2600.34,1146,3
17320.0,1200.6200000000001,634,3
17321.0,657.16,364,2
17323.0,906.52,760,7
17324.0,986.48,843,4
17325.0,96.8,60,1
17329.0,523.11,142,2
17330.0,363.9,120,2
17331.0,175.2,16,1
17333.0,494.25,375,1
17334.0,307.02,315,2
17337.0,1981.06,1247,4
17338.0,6493.54,3059,8
17339.0,243.36,152,2
17340.0,12353.29,5967,11
17341.0,682.29,443,3
17343.0,193.64,56,1
17344.0,157.62,65,1
17345.0,519.6899999999999,341,4
17346.0,2622.88,1617,15
17347.0,228.96,216,1
17348.0,1156.6,1398,5
17349.0,98.25,102,1
17350.0,1281.32,770,4
17351.0,587.15,113,3
17353.0,1740.0,1200,2
17354.0,1393.06,1006,1
17356.0,178.22,166,1
17357.0,384.39,152,2
17358.0,360.81,190,2
17359.0,127.86,161,1
17360.0,568.24,328,3
17361.0,488.2,157,3
17362.0,312.23,191,2
17364.0,4462.68,2692,11
17365.0,4767.36,4749,8
17367.0,167.55,149,1
17368.0,1878.87,1377,8
17370.0,446.18,540,4
17371.0,418.4,151,3
17372.0,1337.18,747,8
17373.0,646.92,408,4
17374.0,495.77,85,2
17375.0,400.1,367,3
17376.0,203.2,86,2
17377.0,4058.32,2038,20
17379.0,389.71999999999997,623,1
17381.0,20275.61,25649,29
17382.0,65.4,25,1
17383.0,193.39000000000001,148,1
17384.0,336.4,88,2
17385.0,256.11,197,1
17386.0,2686.42,1902,6
17387.0,746.81,522,2
17388.0,1259.56,1068,4
17389.0,31833.68,7612,34
17391.0,508.8,480,2
17392.0,417.27,277,2
17394.0,203.86999999999998,241,1
17396.0,7330.8,2005,8
17397.0,681.41,250,2
17398.0,653.38,310,3
17400.0,2097.84,1088,5
17402.0,2633.85,701,13
17403.0,263.92,111,1
17404.0,31906.82,32748,15
17405.0,1031.41,726,3
17406.0,2184.42,780,3
17408.0,32.65,3,1
17409.0,771.85,105,2
17410.0,1214.72,616,5
17411.0,778.94,306,3
17412.0,1258.06,738,7
17414.0,778.0,2100,2
17415.0,507.84,114,1
17416.0,6893.42,4302,7
17418.0,463.46000000000004,289,2
17419.0,4226.57,1876,12
17420.0,598.83,265,3
17422.0,1979.37,2253,6
17423.0,698.41,459,2
17425.0,759.17,407,2
17426.0,5037.26,3094,6
17427.0,100.8,34,1
17428.0,17256.85,9474,28
17429.0,524.9200000000001,624,3
17430.0,265.76,190,2
17431.0,403.3,292,1
17432.0,365.76,207,2
17433.0,303.15999999999997,185,1
17434.0,2373.82,1693,7
17436.0,216.29999999999998,90,2
17438.0,388.45000000000005,103,1
17440.0,186.42000000000002,246,3
17442.0,2248.56,1496,6
17443.0,534.24,504,1
17444.0,2940.04,2119,3
17446.0,120.9,198,2
17447.0,541.53,443,2
17449.0,2519.21,1121,7
17450.0,194390.79,69973,46
17451.0,1721.4,1203,7
17453.0,486.71999999999997,219,2
17454.0,517.53,243,4
17455.0,131.7,66,1
17456.0,249.86,222,1
17457.0,1737.7,826,5
17458.0,316.5,170,1
17459.0,657.3,537,2
17460.0,622.4300000000001,236,6
17461.0,735.82,770,3
17462.0,675.69,227,2
17463.0,1875.86,1086,5
17464.0,289.96000000000004,220,1
17466.0,763.28,306,2
17468.0,137.0,116,2
17469.0,1870.97,787,5
17470.0,1125.07,1675,5
17472.0,697.54,455,3
17475.0,194.37,178,1
17480.0,511.82,338,1
17481.0,1255.59,1061,4
17483.0,414.04,191,3
17486.0,396.87,191,1
17489.0,376.64,428,2
17490.0,2092.32,1134,7
17491.0,3558.87,2013,10
17492.0,374.57,155,1
17495.0,497.56,229,2
17496.0,271.05,79,1
17498.0,272.22,394,1
17499.0,622.88,711,1
17500.0,1138.0,17,3
17501.0,288.6,160,2
17502.0,689.1,376,4
17503.0,558.96,486,2
17504.0,2997.0299999999997,1664,9
17505.0,1145.84,556,2
17506.0,302.2,139,1
17507.0,605.58,359,2
17508.0,387.31,289,1
17509.0,6083.64,3512,8
17510.0,308.48,214,1
17511.0,91062.38,64549,31
17512.0,2924.9900000000002,2753,10
17513.0,513.2,254,1
17514.0,208.65,135,1
17515.0,639.02,243,4
17516.0,764.88,414,5
17517.0,153.94,102,1
17519.0,1844.02,1236,6
17520.0,546.81,365,1
17521.0,723.2099999999999,519,3
17522.0,1070.71,1034,5
17523.0,652.74,872,4
17524.0,145.0,90,1
17525.0,422.70000000000005,82,1
17526.0,1195.8999999999999,310,4
17527.0,939.37,488,4
17528.0,3628.5,2138,8
17530.0,2367.12,1514,10
17531.0,296.7,136,1
17534.0,223.36,103,1
17535.0,164.4,136,1
17536.0,76.5,6,1
17537.0,887.67,699,2
17538.0,98.42,134,1
17540.0,578.9,194,2
17542.0,170.75,134,1
17545.0,642.32,337,3
17548.0,103.3,58,1
17549.0,148.86,210,2
17550.0,267.16,86,3
17551.0,290.34,142,1
17552.0,930.41,719,4
17553.0,1487.6,1048,1
17554.0,1952.45,1763,5
17555.0,480.31,348,2
17556.0,157.9,101,1
17557.0,541.46,306,3
17560.0,854.95,651,5
17561.0,165.12,144,1
17562.0,1122.38,817,7
17564.0,454.01,146,3
17566.0,869.77,497,2
17567.0,4331.48,2632,8
17569.0,344.14,159,1
17571.0,1425.67,876,4
17572.0,226.75000000000003,95,4
17573.0,380.6,308,3
17574.0,185.65,77,1
17576.0,3564.83,1967,19
17578.0,143.45999999999998,138,1
17579.0,448.90000000000003,258,3
17580.0,215.72,88,3
17581.0,11025.24,5915,25
17582.0,175.27,123,1
17584.0,1242.3,458,2
17585.0,1116.68,1650,4
17588.0,1240.2,676,3
17589.0,2404.17,1631,4
17590.0,1468.02,822,3
17591.0,2203.67,1000,7
17593.0,3923.86,3089,5
17594.0,993.18,550,2
17595.0,386.69,228,2
17596.0,2806.69,4376,7
17597.0,2044.3700000000001,1176,1
17600.0,161.67000000000002,144,1
17601.0,116.00999999999999,103,1
17602.0,5054.42,4116,6
17603.0,394.72,74,1
17604.0,309.36,169,2
17608.0,191.99,229,2
17609.0,1105.78,719,5
17611.0,3961.12,2550,15
17612.0,2048.45,1808,6
17613.0,4544.55,2490,14
17614.0,386.32,235,1
17615.0,329.6,140,3
17616.0,571.1999999999999,224,3
17618.0,930.28,319,3
17619.0,214.37,124,1
17620.0,81.44,60,1
17621.0,1379.9,514,3
17623.0,527.0500000000001,265,1
17624.0,843.48,554,2
17625.0,2020.4,1180,4
17628.0,75.75,79,1
17629.0,1814.12,1629,8
17630.0,503.59999999999997,158,2
17631.0,528.33,334,3
17633.0,1324.84,644,4
17634.0,2358.59,838,9
17636.0,285.56,182,1
17637.0,547.0600000000001,280,2
17639.0,108.5,49,1
17640.0,621.66,250,1
17642.0,712.29,474,2
17643.0,101.55,71,1
17644.0,2895.64,1793,11
17646.0,1008.39,323,3
17647.0,133.06,30,1
17648.0,1797.5,487,4
17649.0,868.49,399,1
17650.0,166.08,150,1
17651.0,3945.0,3112,10
17652.0,4867.72,2509,12
17653.0,1207.56,1409,4
17654.0,117.55,41,1
17655.0,2638.94,1116,7
17656.0,1674.69,1399,5
17658.0,595.42,616,2
17659.0,2999.46,1525,12
17660.0,178.75,121,1
17663.0,1802.91,797,7
17664.0,604.64,604,2
17666.0,728.16,596,2
17667.0,2055.51,1037,5
17668.0,347.75,93,2
17669.0,3406.7200000000003,1916,7
17670.0,205.7,110,1
17671.0,1572.71,772,4
17672.0,3178.17,1690,2
17673.0,1594.97,1462,6
17674.0,551.04,672,2
17675.0,20374.28,8360,31
17676.0,1371.18,922,6
17677.0,16345.38,9772,30
17678.0,298.11,207,1
17679.0,1992.1100000000001,729,2
17680.0,184.4,96,1
17682.0,2474.33,1367,6
17684.0,239.41,145,1
17685.0,3155.83,1907,7
17686.0,5739.46,2478,7
17690.0,4726.8,1769,15
17691.0,290.40000000000003,134,2
17692.0,740.9399999999999,672,4
17693.0,200.47,231,1
17694.0,283.12,184,1
17695.0,765.34,779,2
17696.0,2285.71,1756,8
17697.0,338.95,93,1
17698.0,154.95,93,1
17700.0,2534.64,1266,4
17701.0,417.95,109,1
17702.0,1824.37,1353,4
17703.0,798.74,590,3
17704.0,885.19,343,2
17705.0,1823.52,963,9
17706.0,10504.49,3899,17
17707.0,152.4,144,2
17708.0,263.33,90,2
17709.0,137.45,17,1
17711.0,385.1,246,2
17712.0,522.91,215,1
17714.0,153.0,92,1
17715.0,326.4,384,1
17716.0,5655.99,3072,11
17718.0,139.35,83,1
17719.0,5396.04,2466,15
17720.0,1195.94,576,4
17722.0,2424.04,1595,4
17723.0,3276.4000000000005,792,6
17724.0,1033.0,300,3
17725.0,3439.08,2162,11
17727.0,1060.25,645,1
17728.0,2876.01,1469,3
17730.0,5298.4800000000005,3576,13
17731.0,1240.11,493,4
17732.0,303.97,93,1
17733.0,692.19,463,2
17734.0,700.63,422,3
17735.0,13110.02,8439,19
17736.0,377.44,238,3
17737.0,168.24,108,2
17738.0,1879.05,1029,4
17739.0,2791.35,861,7
17742.0,355.11,89,2
17744.0,2322.4,3412,6
17746.0,110.25,29,1
17747.0,71.4,12,1
17749.0,674.52,320,2
17750.0,1710.45,3747,9
17752.0,80.64,192,1
17754.0,1664.65,1816,5
17757.0,5593.39,3318,30
17758.0,3408.2000000000003,2054,8
17759.0,819.96,697,3
17760.0,287.59,239,2
17761.0,712.78,398,1
17763.0,15.0,12,1
17764.0,772.55,351,2
17765.0,367.63,143,3
17767.0,271.2,128,1
17768.0,2081.9,1122,3
17769.0,3957.43,1850,10
17770.0,1143.27,365,5
17771.0,245.81,287,2
17772.0,173.45,55,2
17774.0,1213.73,508,4
17775.0,56.4,72,1
17777.0,647.56,501,3
17779.0,650.32,396,3
17781.0,188.02,34,2
17783.0,283.47,354,2
17785.0,131.94,67,1
17786.0,266.85,195,2
17787.0,1817.54,896,4
17788.0,1117.9,211,2
17789.0,225.9,74,1
17790.0,1964.3,835,14
17791.0,106.1,46,1
17793.0,300.34,226,1
17795.0,342.83,305,2
17796.0,690.0,176,4
17797.0,780.43,498,3
17799.0,3039.17,1753,10
17800.0,1187.21,732,9
17802.0,1285.04,752,3
17805.0,512.31,478,1
17806.0,546.04,727,1
17809.0,5411.91,2057,12
17811.0,7761.82,4146,39
17812.0,699.81,329,4
17813.0,1698.07,752,5
17816.0,36.56,30,4
17817.0,387.68,67,3
17819.0,3704.87,1031,7
17824.0,298.4,408,1
17827.0,1987.33,1240,5
17828.0,1820.09,667,4
17829.0,889.24,496,1
17830.0,398.7,92,3
17831.0,35.400000000000006,12,1
17832.0,155.37,208,1
17835.0,342.24,344,3
17836.0,110.21000000000001,88,1
17837.0,1541.23,510,8
17838.0,2720.8,1831,5
17839.0,318.15,257,1
17841.0,40519.84,22834,124
17843.0,205.48,113,1
17844.0,51.559999999999995,52,1
17846.0,2033.1,1,1
17848.0,901.1999999999999,398,9
17849.0,605.8000000000001,114,4
17850.0,5391.21,1733,34
17852.0,114.34,53,2
17854.0,311.26,84,2
17855.0,208.97,197,1
17856.0,1418.03,842,4
17857.0,26879.04,19256,23
17858.0,5140.66,2694,12
17859.0,141.92000000000002,102,1
17860.0,226.45000000000002,93,1
17861.0,2097.88,1985,8
17862.0,330.9,100,1
17863.0,3160.0,2638,6
17864.0,554.85,706,3
17865.0,10526.32,5757,20
17866.0,329.65,174,1
17867.0,1157.8700000000001,508,6
17869.0,428.18,111,5
17870.0,1865.89,1351,12
17871.0,155.9,182,1
17873.0,1848.96,1035,5
17874.0,683.46,221,6
17877.0,237.61,98,1
17878.0,379.45,401,1
17879.0,178.51999999999998,45,1
17880.0,458.92,314,1
17881.0,133.35000000000002,32,1
17883.0,664.34,374,4
17884.0,695.0699999999999,817,4
17885.0,156.34,110,1
17886.0,869.28,469,3
17887.0,111.35,30,1
17888.0,716.0,973,8
17889.0,201.37,77,2
17890.0,586.89,402,2
17891.0,203.85999999999999,393,1
17892.0,244.1,109,3
17893.0,107.21,149,1
17894.0,1118.96,404,8
17895.0,95.45,127,1
17896.0,256.32,288,1
17897.0,541.8100000000001,222,3
17898.0,152.06,190,2
17899.0,154.55,170,1
17900.0,112.19999999999999,73,2
17901.0,110.38,24,1
17904.0,181.07,59,1
17905.0,798.99,406,4
17906.0,72.9,26,1
17908.0,232.03,169,1
17911.0,366.23,223,1
17912.0,310.06,184,5
17913.0,408.65,288,2
17914.0,329.36,457,1
17917.0,335.03,184,3
17919.0,1304.04,756,1
17920.0,4119.5,2473,17
17921.0,820.23,425,4
17923.0,207.50000000000003,50,1
17924.0,2962.5,1160,7
17925.0,244.08,72,1
17926.0,397.29,306,2
17928.0,212.54,140,2
17929.0,843.0,108,4
17930.0,1740.48,1594,5
17931.0,408.36,249,2
17932.0,1331.57,789,3
17934.0,704.25,478,2
17935.0,145.79,82,2
17936.0,380.13,257,1
17937.0,4301.22,1754,7
17939.0,99.14,40,1
17940.0,4020.04,9323,10
17941.0,304.56,252,1
17942.0,77.50000000000001,38,1
17946.0,149.57999999999998,75,2
17947.0,176.68,168,1
17948.0,358.56000000000006,144,1
17949.0,58510.48,30546,45
17950.0,482.2,366,3
17951.0,1008.5400000000001,616,3
17954.0,2314.13,2221,12
17955.0,557.3,273,4
17956.0,12.75,1,1
17957.0,111.68,287,1
17958.0,508.4599999999999,84,1
17960.0,73.78,41,1
17961.0,1296.44,560,39
17962.0,102.41,127,1
17964.0,463.21,294,2
17965.0,2599.19,1532,14
17966.0,1098.43,2571,5
17967.0,112.27,73,1
17968.0,265.1,151,1
17969.0,228.2,152,2
17970.0,562.79,513,1
17972.0,135.19,36,1
17973.0,337.04,176,1
17974.0,703.99,500,3
17975.0,4483.26,1565,13
17976.0,321.79,93,1
17977.0,288.14,342,1
17978.0,300.91999999999996,499,1
17979.0,732.41,383,4
17980.0,811.45,682,3
17984.0,152.68,98,1
17985.0,631.35,171,1
17986.0,20.8,10,1
17987.0,198.57,261,1
17988.0,201.12,43,7
17990.0,630.84,414,3
17991.0,93.35,25,2
17994.0,674.89,495,4
17995.0,76.1,133,1
17997.0,1962.46,2273,8
17999.0,380.39,219,2
18001.0,415.13,362,2
18004.0,157.92,75,1
18005.0,226.47,86,2
18006.0,444.68,220,1
18008.0,2116.19,1581,9
18009.0,247.39,125,1
18010.0,174.8,60,1
18011.0,102.78999999999999,71,1
18013.0,187.29,285,2
18014.0,162.22,66,1
18015.0,120.03,157,1
18016.0,1477.66,1027,5
18017.0,523.0,300,3
18018.0,122.14,55,2
18019.0,38.45,7,1
18022.0,612.72,703,1
18024.0,389.78,184,2
18027.0,115.31,78,1
18030.0,230.64999999999998,67,2
18032.0,73.5,42,1
18033.0,93.82000000000001,252,1
18034.0,418.68,559,2
18035.0,713.89,584,3
18036.0,403.12,232,3
18037.0,70.02,20,6
18040.0,357.20000000000005,148,2
18041.0,4097.37,3758,21
18042.0,165.04999999999998,33,1
18043.0,529.29,265,3
18044.0,2088.6,1033,10
18045.0,178.34,138,1
18048.0,172.29000000000002,127,2
18050.0,74.4,40,1
18053.0,300.02,302,1
18055.0,6761.34,2452,10
18056.0,363.65,211,1
18058.0,170.16,88,1
18059.0,306.46,263,3
18061.0,2119.41,955,10
18062.0,720.52,396,3
18064.0,814.0,384,2
18065.0,2392.83,1027,14
18066.0,318.0,108,1
18067.0,396.33,189,1
18068.0,101.69999999999999,6,1
18069.0,2009.24,1296,5
18071.0,453.0,260,2
18072.0,247.44,288,1
18073.0,3859.82,3102,12
18074.0,489.6,190,1
18075.0,2611.75,1464,10
18077.0,2584.41,1839,11
18078.0,336.13,145,2
18079.0,3613.15,7347,4
18080.0,1231.5,642,2
18081.0,343.45,195,3
18082.0,680.84,608,1
18084.0,90.47999999999999,312,1
18085.0,689.95,265,2
18086.0,101.34,106,1
18087.0,4055.7199999999993,3907,2
18088.0,166.03,107,1
18092.0,9068.26,4252,11
18093.0,2106.52,1392,4
18094.0,3017.3,2518,7
18095.0,580.0500000000001,419,2
18096.0,849.06,788,3
18097.0,2662.4,1662,6
18099.0,168.31,149,1
18101.0,222.4,87,2
18102.0,259657.3,64124,60
18104.0,754.64,362,1
18105.0,113.48000000000002,46,1
18106.0,421.9,126,1
18108.0,271.0,84,1
18109.0,8004.92,4230,26
18110.0,198.8,72,1
18112.0,352.69,255,2
18113.0,76.32000000000001,72,1
18114.0,220.1,55,1
18116.0,1403.1100000000001,837,8
18117.0,315.65,605,1
18118.0,5625.08,2865,26
18119.0,180.7,124,1
18120.0,111.15,31,1
18121.0,653.3,438,2
18122.0,1793.06,1225,6
18123.0,574.4399999999999,582,2
18125.0,1131.75,800,4
18126.0,200.92000000000002,135,1
18127.0,347.08,187,3
18129.0,112.55000000000001,48,1
18130.0,1059.39,824,3
18133.0,931.4999999999999,1350,1
18135.0,681.9100000000001,349,5
18136.0,784.33,379,3
18138.0,152.65,38,1
18139.0,8438.34,5557,6
18142.0,1019.52,1276,2
18143.0,1000.16,570,2
18144.0,2888.75,1343,12
18145.0,2861.55,2625,4
18146.0,160.35000000000002,153,2
18147.0,179.33999999999997,203,2
18149.0,612.0799999999999,310,3
18150.0,566.58,332,3
18151.0,653.35,355,2
18154.0,399.19,255,2
18155.0,371.62,266,3
18156.0,675.64,283,2
18158.0,453.4,354,2
18159.0,530.15,139,1
18160.0,638.0600000000001,294,2
18161.0,1618.69,812,5
18164.0,399.65000000000003,184,1
18165.0,302.46000000000004,254,1
18167.0,1384.8600000000001,382,3
18168.0,1160.04,592,6
18169.0,202.65,61,1
18170.0,980.31,409,3
18171.0,1231.31,481,5
18172.0,7561.68,3184,20
18173.0,2106.84,1220,4
18174.0,104.0,50,1
18176.0,476.35,283,1
18177.0,1340.8700000000001,709,6
18178.0,1590.81,983,4
18179.0,1793.17,1360,6
18180.0,1843.75,1721,6
18181.0,366.85,133,1
18183.0,632.07,371,2
18184.0,49.8,60,1
18185.0,304.25,183,1
18188.0,2001.04,1168,3
18189.0,1090.24,566,2
18190.0,284.46000000000004,140,2
18191.0,207.79999999999998,140,1
18192.0,957.97,339,1
18193.0,243.76,124,1
18194.0,973.8399999999999,632,1
18196.0,686.63,431,2
18198.0,5425.56,4074,17
18200.0,150.35,104,1
18202.0,1396.99,581,3
18203.0,160.42000000000002,43,1
18204.0,1975.35,1190,3
18205.0,517.36,192,2
18209.0,139.10000000000002,58,1
18210.0,2621.38,1398,6
18211.0,600.07,359,5
18212.0,216.07,92,1
18213.0,232.48000000000002,232,1
18215.0,299.34000000000003,118,1
18216.0,481.75,200,1
18217.0,621.75,491,2
18218.0,641.92,536,2
18219.0,2069.77,885,10
18220.0,305.28000000000003,288,1
18221.0,1041.61,791,5
18222.0,443.0,335,1
18223.0,6484.54,2948,14
18224.0,158.95000000000002,69,1
18225.0,5504.96,3242,12
18226.0,5228.05,3466,11
18227.0,93.75,21,1
18228.0,779.9,238,2
18229.0,7276.900000000001,2488,20
18230.0,2810.2000000000003,1316,7
18231.0,2071.77,819,5
18232.0,592.97,302,4
18233.0,440.0,4,1
18235.0,1796.48,1578,3
18236.0,882.24,403,6
18237.0,987.1,622,5
18239.0,1561.6100000000001,795,5
18240.0,422.58,126,1
18241.0,2073.09,1051,17
18242.0,2232.4900000000002,1017,4
18245.0,2567.06,1788,7
18246.0,596.1,166,2
18248.0,804.02,511,2
18249.0,95.34,128,1
18250.0,349.27,199,1
18251.0,4314.72,7824,1
18252.0,518.27,234,2
18255.0,103.3,74,1
18257.0,2337.63,1041,8
18259.0,2338.6000000000004,714,3
18260.0,2628.35,1475,6
18261.0,324.24,146,2
18262.0,149.48,182,1
18263.0,1213.1599999999999,1468,3
18265.0,801.51,311,2
18268.0,25.5,2,1
18269.0,168.6,76,1
18270.0,283.15,101,2
18272.0,3078.58,2050,6
18273.0,204.0,80,3
18274.0,175.92,88,1
18276.0,335.86,186,1
18277.0,110.38,68,1
18278.0,173.9,66,1
18280.0,180.60000000000002,45,1
18281.0,80.82,54,1
18282.0,178.05,103,2
18283.0,2045.53,1357,16
18287.0,1837.28,1586,3
